"","competition","trial","culture_conditions","Condition","Timepoint_hr","CFU_per_mL_total","mean_CFU_per_mL","log_mean_CFU_per_mL","sem_CFU_per_mL","log_sem_CFU_per_mL","fold_change","log_fold_change","mean_fold_change","mean_log_fold_change"
"1","Phen_Ec","trial_1","control","JV10_LB","T0",3800000,3120000,6.49415459401844,307245.829914744,5.48748599714903,NA,NA,NA,NA
"2","Phen_Ec","trial_1","spent","JV10_ss","T0",2600000,3200000,6.50514997831991,309838.667696593,5.49113561651978,NA,NA,NA,NA
"3","Phen_Ec","trial_1","spent","JV10_JV531_sp","T0",2800000,3080000,6.48855071650044,520000,5.7160033436348,NA,NA,NA,NA
"4","Phen_Ec","trial_1","spent","JV10_JV534_sp","T0",2200000,3200000,6.50514997831991,404969.134626332,5.60742192402385,NA,NA,NA,NA
"5","Phen_Ec","trial_1","spent","JV10_JV537_sp","T0",2200000,3040000,6.48287358360875,440000,5.64345267648619,NA,NA,NA,NA
"6","Phen_Ec","trial_1","spent","JV10_JV540_sp","T0",3e+06,2920000,6.46538285144842,287054.001888146,5.45796360584856,NA,NA,NA,NA
"7","Phen_Ec","trial_1","control","JV10_LB","T24",9e+09,6.6e+09,9.81954393554187,687022561.492707,8.83697099931704,2368.42105263158,3.37445891282251,2132.6042378674,3.32891026789313
"8","Phen_Ec","trial_1","spent","JV10_ss","T24",6.4e+08,477200000,8.6787004349983,121308862.001092,8.08389252862905,246.153846153846,2.39120662601307,159.489133089133,2.20273109742328
"9","Phen_Ec","trial_1","spent","JV10_JV531_sp","T24",5.2e+08,6.6e+08,8.81954393554187,101980390.271856,8.00851666964939,185.714285714286,2.26884531229258,245.97619047619,2.39089307114711
"10","Phen_Ec","trial_1","spent","JV10_JV534_sp","T24",3.8e+09,1.34e+09,9.12710479836481,621803827.585518,8.79365339106541,1727.27272727273,3.2373609157946,516.692640692641,2.71323227588795
"11","Phen_Ec","trial_1","spent","JV10_JV537_sp","T24",199,199,2.29885307640971,0,-Inf,9.04545454545454e-05,-4.0435696044125,7.0915700965701e-05,-4.14925759996712
"12","Phen_Ec","trial_1","spent","JV10_JV540_sp","T24",2e+07,33200000,7.52113808370404,6053098.38016862,6.78197773249791,6.66666666666667,0.823908740944319,12.6456140350877,1.10193992229852
"13","Phen_Ec","trial_2","control","JV10_LB","T0",2200000,3120000,6.49415459401844,307245.829914744,5.48748599714903,NA,NA,NA,NA
"14","Phen_Ec","trial_2","spent","JV10_ss","T0",2600000,3200000,6.50514997831991,309838.667696593,5.49113561651978,NA,NA,NA,NA
"15","Phen_Ec","trial_2","spent","JV10_JV531_sp","T0",2400000,3080000,6.48855071650044,520000,5.7160033436348,NA,NA,NA,NA
"16","Phen_Ec","trial_2","spent","JV10_JV534_sp","T0",2400000,3200000,6.50514997831991,404969.134626332,5.60742192402385,NA,NA,NA,NA
"17","Phen_Ec","trial_2","spent","JV10_JV537_sp","T0",2200000,3040000,6.48287358360875,440000,5.64345267648619,NA,NA,NA,NA
"18","Phen_Ec","trial_2","spent","JV10_JV540_sp","T0",2e+06,2920000,6.46538285144842,287054.001888146,5.45796360584856,NA,NA,NA,NA
"19","Phen_Ec","trial_2","control","JV10_LB","T24",4.8e+09,6.6e+09,9.81954393554187,687022561.492707,8.83697099931704,2181.81818181818,3.33881855655338,2132.6042378674,3.32891026789313
"20","Phen_Ec","trial_2","spent","JV10_ss","T24",7.6e+08,477200000,8.6787004349983,121308862.001092,8.08389252862905,292.307692307692,2.46584024430997,159.489133089133,2.20273109742328
"21","Phen_Ec","trial_2","spent","JV10_JV531_sp","T24",4.6e+08,6.6e+08,8.81954393554187,101980390.271856,8.00851666964939,191.666666666667,2.28254658996997,245.97619047619,2.39089307114711
"22","Phen_Ec","trial_2","spent","JV10_JV534_sp","T24",7e+08,1.34e+09,9.12710479836481,621803827.585518,8.79365339106541,291.666666666667,2.46488679830265,516.692640692641,2.71323227588795
"23","Phen_Ec","trial_2","spent","JV10_JV537_sp","T24",199,199,2.29885307640971,0,-Inf,9.04545454545454e-05,-4.0435696044125,7.0915700965701e-05,-4.14925759996712
"24","Phen_Ec","trial_2","spent","JV10_JV540_sp","T24",5.6e+07,33200000,7.52113808370404,6053098.38016862,6.78197773249791,28,1.44715803134222,12.6456140350877,1.10193992229852
"25","Phen_Ec","trial_3","control","JV10_LB","T0",3e+06,3120000,6.49415459401844,307245.829914744,5.48748599714903,NA,NA,NA,NA
"26","Phen_Ec","trial_3","spent","JV10_ss","T0",4200000,3200000,6.50514997831991,309838.667696593,5.49113561651978,NA,NA,NA,NA
"27","Phen_Ec","trial_3","spent","JV10_JV531_sp","T0",5e+06,3080000,6.48855071650044,520000,5.7160033436348,NA,NA,NA,NA
"28","Phen_Ec","trial_3","spent","JV10_JV534_sp","T0",4200000,3200000,6.50514997831991,404969.134626332,5.60742192402385,NA,NA,NA,NA
"29","Phen_Ec","trial_3","spent","JV10_JV537_sp","T0",4e+06,3040000,6.48287358360875,440000,5.64345267648619,NA,NA,NA,NA
"30","Phen_Ec","trial_3","spent","JV10_JV540_sp","T0",3800000,2920000,6.46538285144842,287054.001888146,5.45796360584856,NA,NA,NA,NA
"31","Phen_Ec","trial_3","control","JV10_LB","T24",6e+09,6.6e+09,9.81954393554187,687022561.492707,8.83697099931704,2000,3.30102999566398,2132.6042378674,3.32891026789313
"32","Phen_Ec","trial_3","spent","JV10_ss","T24",4.4e+08,477200000,8.6787004349983,121308862.001092,8.08389252862905,104.761904761905,2.02020338608829,159.489133089133,2.20273109742328
"33","Phen_Ec","trial_3","spent","JV10_JV531_sp","T24",6e+08,6.6e+08,8.81954393554187,101980390.271856,8.00851666964939,120,2.07918124604762,245.97619047619,2.39089307114711
"34","Phen_Ec","trial_3","spent","JV10_JV534_sp","T24",8.8e+08,1.34e+09,9.12710479836481,621803827.585518,8.79365339106541,209.52380952381,2.32123338175227,516.692640692641,2.71323227588795
"35","Phen_Ec","trial_3","spent","JV10_JV537_sp","T24",199,199,2.29885307640971,0,-Inf,4.975e-05,-4.30320691491826,7.0915700965701e-05,-4.14925759996712
"36","Phen_Ec","trial_3","spent","JV10_JV540_sp","T24",3e+07,33200000,7.52113808370404,6053098.38016862,6.78197773249791,7.89473684210526,0.897337658102852,12.6456140350877,1.10193992229852
"37","Phen_Ec","trial_4","control","JV10_LB","T0",3800000,3120000,6.49415459401844,307245.829914744,5.48748599714903,NA,NA,NA,NA
"38","Phen_Ec","trial_4","spent","JV10_ss","T0",3600000,3200000,6.50514997831991,309838.667696593,5.49113561651978,NA,NA,NA,NA
"39","Phen_Ec","trial_4","spent","JV10_JV531_sp","T0",3200000,3080000,6.48855071650044,520000,5.7160033436348,NA,NA,NA,NA
"40","Phen_Ec","trial_4","spent","JV10_JV534_sp","T0",3200000,3200000,6.50514997831991,404969.134626332,5.60742192402385,NA,NA,NA,NA
"41","Phen_Ec","trial_4","spent","JV10_JV537_sp","T0",4200000,3040000,6.48287358360875,440000,5.64345267648619,NA,NA,NA,NA
"42","Phen_Ec","trial_4","spent","JV10_JV540_sp","T0",2800000,2920000,6.46538285144842,287054.001888146,5.45796360584856,NA,NA,NA,NA
"43","Phen_Ec","trial_4","control","JV10_LB","T24",6.4e+09,6.6e+09,9.81954393554187,687022561.492707,8.83697099931704,1684.21052631579,3.22639637736708,2132.6042378674,3.32891026789313
"44","Phen_Ec","trial_4","spent","JV10_ss","T24",5e+08,477200000,8.6787004349983,121308862.001092,8.08389252862905,138.888888888889,2.14266750356873,159.489133089133,2.20273109742328
"45","Phen_Ec","trial_4","spent","JV10_JV531_sp","T24",6.8e+08,6.6e+08,8.81954393554187,101980390.271856,8.00851666964939,212.5,2.32735893438633,245.97619047619,2.39089307114711
"46","Phen_Ec","trial_4","spent","JV10_JV534_sp","T24",4e+08,1.34e+09,9.12710479836481,621803827.585518,8.79365339106541,125,2.09691001300806,516.692640692641,2.71323227588795
"47","Phen_Ec","trial_4","spent","JV10_JV537_sp","T24",199,199,2.29885307640971,0,-Inf,4.73809523809524e-05,-4.32439621398819,7.0915700965701e-05,-4.14925759996712
"48","Phen_Ec","trial_4","spent","JV10_JV540_sp","T24",2.8e+07,33200000,7.52113808370404,6053098.38016862,6.78197773249791,10,1,12.6456140350877,1.10193992229852
"49","Phen_Ec","trial_5","control","JV10_LB","T0",2800000,3120000,6.49415459401844,307245.829914744,5.48748599714903,NA,NA,NA,NA
"50","Phen_Ec","trial_5","spent","JV10_ss","T0",3e+06,3200000,6.50514997831991,309838.667696593,5.49113561651978,NA,NA,NA,NA
"51","Phen_Ec","trial_5","spent","JV10_JV531_sp","T0",2e+06,3080000,6.48855071650044,520000,5.7160033436348,NA,NA,NA,NA
"52","Phen_Ec","trial_5","spent","JV10_JV534_sp","T0",4e+06,3200000,6.50514997831991,404969.134626332,5.60742192402385,NA,NA,NA,NA
"53","Phen_Ec","trial_5","spent","JV10_JV537_sp","T0",2600000,3040000,6.48287358360875,440000,5.64345267648619,NA,NA,NA,NA
"54","Phen_Ec","trial_5","spent","JV10_JV540_sp","T0",3e+06,2920000,6.46538285144842,287054.001888146,5.45796360584856,NA,NA,NA,NA
"55","Phen_Ec","trial_5","control","JV10_LB","T24",6.8e+09,6.6e+09,9.81954393554187,687022561.492707,8.83697099931704,2428.57142857143,3.38535088136402,2132.6042378674,3.32891026789313
"56","Phen_Ec","trial_5","spent","JV10_ss","T24",4.6e+07,477200000,8.6787004349983,121308862.001092,8.08389252862905,15.3333333333333,1.18563657696191,159.489133089133,2.20273109742328
"57","Phen_Ec","trial_5","spent","JV10_JV531_sp","T24",1.04e+09,6.6e+08,8.81954393554187,101980390.271856,8.00851666964939,520,2.7160033436348,245.97619047619,2.39089307114711
"58","Phen_Ec","trial_5","spent","JV10_JV534_sp","T24",9.2e+08,1.34e+09,9.12710479836481,621803827.585518,8.79365339106541,230,2.36172783601759,516.692640692641,2.71323227588795
"59","Phen_Ec","trial_5","spent","JV10_JV537_sp","T24",199,199,2.29885307640971,0,-Inf,7.65384615384615e-05,-4.11612027156111,7.0915700965701e-05,-4.14925759996712
"60","Phen_Ec","trial_5","spent","JV10_JV540_sp","T24",3.2e+07,33200000,7.52113808370404,6053098.38016862,6.78197773249791,10.6666666666667,1.02802872360024,12.6456140350877,1.10193992229852
"61","DTT","trial_1","control","LB","T0",2e+06,2950000,6.46982201597816,340342.964277702,5.53191677710323,NA,NA,NA,NA
"62","DTT","trial_1","control","LB_DTT_50","T0",2200000,2950000,6.46982201597816,377491.721763537,5.57690743217226,NA,NA,NA,NA
"63","DTT","trial_1","control","LB_DTT_5","T0",2200000,2900000,6.46239799789896,310912.63510296,5.49263837158965,NA,NA,NA,NA
"64","DTT","trial_1","control","LB_DTT_0.5","T0",3e+06,3050000,6.48429983934679,95742.7107756337,4.9811057195553,NA,NA,NA,NA
"65","DTT","trial_1","spent","JV537_sp","T0",1400000,2750000,6.43933269383026,478713.553878169,5.68007572389132,NA,NA,NA,NA
"66","DTT","trial_1","spent","JV537_sp_DTT_50","T0",1e+06,2300000,6.36172783601759,532290.647422377,5.72614883549732,NA,NA,NA,NA
"67","DTT","trial_1","spent","JV537_sp_DTT_5","T0",1600000,3200000,6.50514997831991,848528.137423857,5.92866624821563,NA,NA,NA,NA
"68","DTT","trial_1","spent","JV537_sp_DTT_0.5","T0",1800000,3650000,6.56229286445647,793200.26895272,5.89938285279078,NA,NA,NA,NA
"69","DTT","trial_1","control","LB","T24",6.6e+10,2.465e+10,10.3918169236132,14785888542.7965,10.1698474281275,33000,4.51851393987789,10901.0416666667,4.03746799963514
"70","DTT","trial_1","control","LB_DTT_50","T24",2.6e+09,9.88e+09,9.99475694458763,8721326351.72732,9.9405825380785,1181.81818181818,3.07255066714861,2872.53787878788,3.45826576423242
"71","DTT","trial_1","control","LB_DTT_5","T24",4.4e+10,1.915e+10,10.2821687783046,9496095688.93097,9.97754508220657,20000,4.30102999566398,7414.26282051282,3.87006797682106
"72","DTT","trial_1","control","LB_DTT_0.5","T24",6.2e+10,2.415e+10,10.3829171350875,13614544918.334,10.134003129131,20666.6666666667,4.31527043477859,7914.43452380952,3.89841989052342
"73","DTT","trial_1","spent","JV537_sp","T24",2.6e+07,1081501150,9.03402698557667,975196435.349304,8.98909210512985,18.5714285714286,1.26884531229258,343.928890873016,2.53646865915937
"74","DTT","trial_1","spent","JV537_sp_DTT_50","T24",20000,1355199.75,6.13200331287032,1348274.66755358,6.1297783747302,0.02,-1.69897000433602,0.380085113636364,-0.420119139584442
"75","DTT","trial_1","spent","JV537_sp_DTT_5","T24",4600000,106150100,8.02592040763464,98043266.4185052,7.99141777181608,2.875,0.458637849025649,38.2187678571429,1.58227668163397
"76","DTT","trial_1","spent","JV537_sp_DTT_0.5","T24",6.2e+07,177000950,8.24797559731464,141610573.643246,8.15109568205059,34.4444444444444,1.53711918439495,58.3612807539683,1.76612481403495
"77","DTT","trial_2","control","LB","T0",3e+06,2950000,6.46982201597816,340342.964277702,5.53191677710323,NA,NA,NA,NA
"78","DTT","trial_2","control","LB_DTT_50","T0",3600000,2950000,6.46982201597816,377491.721763537,5.57690743217226,NA,NA,NA,NA
"79","DTT","trial_2","control","LB_DTT_5","T0",3600000,2900000,6.46239799789896,310912.63510296,5.49263837158965,NA,NA,NA,NA
"80","DTT","trial_2","control","LB_DTT_0.5","T0",3200000,3050000,6.48429983934679,95742.7107756337,4.9811057195553,NA,NA,NA,NA
"81","DTT","trial_2","spent","JV537_sp","T0",3600000,2750000,6.43933269383026,478713.553878169,5.68007572389132,NA,NA,NA,NA
"82","DTT","trial_2","spent","JV537_sp_DTT_50","T0",2200000,2300000,6.36172783601759,532290.647422377,5.72614883549732,NA,NA,NA,NA
"83","DTT","trial_2","spent","JV537_sp_DTT_5","T0",5600000,3200000,6.50514997831991,848528.137423857,5.92866624821563,NA,NA,NA,NA
"84","DTT","trial_2","spent","JV537_sp_DTT_0.5","T0",5600000,3650000,6.56229286445647,793200.26895272,5.89938285279078,NA,NA,NA,NA
"85","DTT","trial_2","control","LB","T24",2.6e+10,2.465e+10,10.3918169236132,14785888542.7965,10.1698474281275,8666.66666666667,3.93785209325116,10901.0416666667,4.03746799963514
"86","DTT","trial_2","control","LB_DTT_50","T24",3.6e+10,9.88e+09,9.99475694458763,8721326351.72732,9.9405825380785,10000,4,2872.53787878788,3.45826576423242
"87","DTT","trial_2","control","LB_DTT_5","T24",2.4e+10,1.915e+10,10.2821687783046,9496095688.93097,9.97754508220657,6666.66666666667,3.82390874094432,7414.26282051282,3.87006797682106
"88","DTT","trial_2","control","LB_DTT_0.5","T24",2.6e+10,2.415e+10,10.3829171350875,13614544918.334,10.134003129131,8125,3.90982336965091,7914.43452380952,3.89841989052342
"89","DTT","trial_2","spent","JV537_sp","T24",4600,1081501150,9.03402698557667,975196435.349304,8.98909210512985,0.00127777777777778,-2.89354466908571,343.928890873016,2.53646865915937
"90","DTT","trial_2","spent","JV537_sp_DTT_50","T24",199,1355199.75,6.13200331287032,1348274.66755358,6.1297783747302,9.04545454545454e-05,-4.0435696044125,0.380085113636364,-0.420119139584442
"91","DTT","trial_2","spent","JV537_sp_DTT_5","T24",400,106150100,8.02592040763464,98043266.4185052,7.99141777181608,7.14285714285714e-05,-4.14612803567824,38.2187678571429,1.58227668163397
"92","DTT","trial_2","spent","JV537_sp_DTT_0.5","T24",3800,177000950,8.24797559731464,141610573.643246,8.15109568205059,0.000678571428571429,-3.16840443038939,58.3612807539683,1.76612481403495
"93","DTT","trial_4","control","LB","T0",3200000,2950000,6.46982201597816,340342.964277702,5.53191677710323,NA,NA,NA,NA
"94","DTT","trial_4","control","LB_DTT_50","T0",2400000,2950000,6.46982201597816,377491.721763537,5.57690743217226,NA,NA,NA,NA
"95","DTT","trial_4","control","LB_DTT_5","T0",2600000,2900000,6.46239799789896,310912.63510296,5.49263837158965,NA,NA,NA,NA
"96","DTT","trial_4","control","LB_DTT_0.5","T0",2800000,3050000,6.48429983934679,95742.7107756337,4.9811057195553,NA,NA,NA,NA
"97","DTT","trial_4","spent","JV537_sp","T0",3200000,2750000,6.43933269383026,478713.553878169,5.68007572389132,NA,NA,NA,NA
"98","DTT","trial_4","spent","JV537_sp_DTT_50","T0",2400000,2300000,6.36172783601759,532290.647422377,5.72614883549732,NA,NA,NA,NA
"99","DTT","trial_4","spent","JV537_sp_DTT_5","T0",2800000,3200000,6.50514997831991,848528.137423857,5.92866624821563,NA,NA,NA,NA
"100","DTT","trial_4","spent","JV537_sp_DTT_0.5","T0",3200000,3650000,6.56229286445647,793200.26895272,5.89938285279078,NA,NA,NA,NA
"101","DTT","trial_4","control","LB","T24",3e+09,2.465e+10,10.3918169236132,14785888542.7965,10.1698474281275,937.5,2.97197127639976,10901.0416666667,4.03746799963514
"102","DTT","trial_4","control","LB_DTT_50","T24",3.8e+08,9.88e+09,9.99475694458763,8721326351.72732,9.9405825380785,158.333333333333,2.1995723549052,2872.53787878788,3.45826576423242
"103","DTT","trial_4","control","LB_DTT_5","T24",4.2e+09,1.915e+10,10.2821687783046,9496095688.93097,9.97754508220657,1615.38461538462,3.20827594242708,7414.26282051282,3.87006797682106
"104","DTT","trial_4","control","LB_DTT_0.5","T24",4e+09,2.415e+10,10.3829171350875,13614544918.334,10.134003129131,1428.57142857143,3.15490195998574,7914.43452380952,3.89841989052342
"105","DTT","trial_4","spent","JV537_sp","T24",4e+09,1081501150,9.03402698557667,975196435.349304,8.98909210512985,1250,3.09691001300806,343.928890873016,2.53646865915937
"106","DTT","trial_4","spent","JV537_sp_DTT_50","T24",600,1355199.75,6.13200331287032,1348274.66755358,6.1297783747302,0.00025,-3.60205999132796,0.380085113636364,-0.420119139584442
"107","DTT","trial_4","spent","JV537_sp_DTT_5","T24",4e+08,106150100,8.02592040763464,98043266.4185052,7.99141777181608,142.857142857143,2.15490195998574,38.2187678571429,1.58227668163397
"108","DTT","trial_4","spent","JV537_sp_DTT_0.5","T24",6e+08,177000950,8.24797559731464,141610573.643246,8.15109568205059,187.5,2.27300127206374,58.3612807539683,1.76612481403495
"109","DTT","trial_5","control","LB","T0",3600000,2950000,6.46982201597816,340342.964277702,5.53191677710323,NA,NA,NA,NA
"110","DTT","trial_5","control","LB_DTT_50","T0",3600000,2950000,6.46982201597816,377491.721763537,5.57690743217226,NA,NA,NA,NA
"111","DTT","trial_5","control","LB_DTT_5","T0",3200000,2900000,6.46239799789896,310912.63510296,5.49263837158965,NA,NA,NA,NA
"112","DTT","trial_5","control","LB_DTT_0.5","T0",3200000,3050000,6.48429983934679,95742.7107756337,4.9811057195553,NA,NA,NA,NA
"113","DTT","trial_5","spent","JV537_sp","T0",2800000,2750000,6.43933269383026,478713.553878169,5.68007572389132,NA,NA,NA,NA
"114","DTT","trial_5","spent","JV537_sp_DTT_50","T0",3600000,2300000,6.36172783601759,532290.647422377,5.72614883549732,NA,NA,NA,NA
"115","DTT","trial_5","spent","JV537_sp_DTT_5","T0",2800000,3200000,6.50514997831991,848528.137423857,5.92866624821563,NA,NA,NA,NA
"116","DTT","trial_5","spent","JV537_sp_DTT_0.5","T0",4e+06,3650000,6.56229286445647,793200.26895272,5.89938285279078,NA,NA,NA,NA
"117","DTT","trial_5","control","LB","T24",3.6e+09,2.465e+10,10.3918169236132,14785888542.7965,10.1698474281275,1000,3,10901.0416666667,4.03746799963514
"118","DTT","trial_5","control","LB_DTT_50","T24",5.4e+08,9.88e+09,9.99475694458763,8721326351.72732,9.9405825380785,150,2.17609125905568,2872.53787878788,3.45826576423242
"119","DTT","trial_5","control","LB_DTT_5","T24",4.4e+09,1.915e+10,10.2821687783046,9496095688.93097,9.97754508220657,1375,3.13830269816628,7414.26282051282,3.87006797682106
"120","DTT","trial_5","control","LB_DTT_0.5","T24",4.6e+09,2.415e+10,10.3829171350875,13614544918.334,10.134003129131,1437.5,3.15760785336167,7914.43452380952,3.89841989052342
"121","DTT","trial_5","spent","JV537_sp","T24",3e+08,1081501150,9.03402698557667,975196435.349304,8.98909210512985,107.142857142857,2.02996322337744,343.928890873016,2.53646865915937
"122","DTT","trial_5","spent","JV537_sp_DTT_50","T24",5400000,1355199.75,6.13200331287032,1348274.66755358,6.1297783747302,1.5,0.176091259055681,0.380085113636364,-0.420119139584442
"123","DTT","trial_5","spent","JV537_sp_DTT_5","T24",2e+07,106150100,8.02592040763464,98043266.4185052,7.99141777181608,7.14285714285714,0.853871964321762,38.2187678571429,1.58227668163397
"124","DTT","trial_5","spent","JV537_sp_DTT_0.5","T24",4.6e+07,177000950,8.24797559731464,141610573.643246,8.15109568205059,11.5,1.06069784035361,58.3612807539683,1.76612481403495
"125","Phen_Ec_ane","trial_1","control","JV10_LB","T0",3400000,3400000,6.53147891704226,525357.021462548,5.72045454103261,NA,NA,NA,NA
"126","Phen_Ec_ane","trial_1","spent","JV10_ss","T0",3e+06,2920000,6.46538285144842,241660.919471891,5.3832064235562,NA,NA,NA,NA
"127","Phen_Ec_ane","trial_1","spent","JV10_JV531_sp","T0",3400000,3240000,6.51054501020661,74833.1477354788,4.8740940135031,NA,NA,NA,NA
"128","Phen_Ec_ane","trial_1","spent","JV10_JV534_sp","T0",5800000,3880000,6.58883172559421,574804.314527996,5.75952001932417,NA,NA,NA,NA
"129","Phen_Ec_ane","trial_1","spent","JV10_JV537_sp","T0",4400000,3640000,6.56110138364906,292574.776766556,5.46623688233858,NA,NA,NA,NA
"130","Phen_Ec_ane","trial_1","spent","JV10_JV540_sp","T0",2800000,3080000,6.48855071650044,185472.369909914,5.26827922128576,NA,NA,NA,NA
"131","Phen_Ec_ane","trial_1","control","JV10_LB","T24",6.6e+08,4.64e+08,8.66651798055488,62417946.137309,7.79530947410329,194.117647058824,2.28806501849961,150.654217242453,2.17798129332428
"132","Phen_Ec_ane","trial_1","spent","JV10_ss","T24",1e+07,5640000,6.75127910398334,1178812.96226331,6.07144490271952,3.33333333333333,0.522878745280338,1.99142156862745,0.299163206561032
"133","Phen_Ec_ane","trial_1","spent","JV10_JV531_sp","T24",5e+06,11400000,7.05690485133647,3140700.55879258,6.49702653179384,1.47058823529412,0.167491087293764,3.50058823529412,0.54414102888652
"134","Phen_Ec_ane","trial_1","spent","JV10_JV534_sp","T24",9600000,13480000,7.1296898921993,5687741.20367655,6.75493982745937,1.6551724137931,0.218843239476631,3.49201268584209,0.543075812748655
"135","Phen_Ec_ane","trial_1","spent","JV10_JV537_sp","T24",4.6e+07,12892400,7.11033377148332,8383954.7804124,6.923448927241,10.4545454545455,1.01930515519539,3.11059797979798,0.49284388560649
"136","Phen_Ec_ane","trial_1","spent","JV10_JV540_sp","T24",2.4e+07,112360000,8.05061173052954,101973063.109823,8.00848546501924,8.57142857142857,0.933053210369387,37.5722545428428,1.57486725591349
"137","Phen_Ec_ane","trial_2","control","JV10_LB","T0",5400000,3400000,6.53147891704226,525357.021462548,5.72045454103261,NA,NA,NA,NA
"138","Phen_Ec_ane","trial_2","spent","JV10_ss","T0",3200000,2920000,6.46538285144842,241660.919471891,5.3832064235562,NA,NA,NA,NA
"139","Phen_Ec_ane","trial_2","spent","JV10_JV531_sp","T0",3200000,3240000,6.51054501020661,74833.1477354788,4.8740940135031,NA,NA,NA,NA
"140","Phen_Ec_ane","trial_2","spent","JV10_JV534_sp","T0",3800000,3880000,6.58883172559421,574804.314527996,5.75952001932417,NA,NA,NA,NA
"141","Phen_Ec_ane","trial_2","spent","JV10_JV537_sp","T0",3e+06,3640000,6.56110138364906,292574.776766556,5.46623688233858,NA,NA,NA,NA
"142","Phen_Ec_ane","trial_2","spent","JV10_JV540_sp","T0",3e+06,3080000,6.48855071650044,185472.369909914,5.26827922128576,NA,NA,NA,NA
"143","Phen_Ec_ane","trial_2","control","JV10_LB","T24",3.4e+08,4.64e+08,8.66651798055488,62417946.137309,7.79530947410329,62.962962962963,1.79908515721929,150.654217242453,2.17798129332428
"144","Phen_Ec_ane","trial_2","spent","JV10_ss","T24",3e+06,5640000,6.75127910398334,1178812.96226331,6.07144490271952,0.9375,-0.0280287236002435,1.99142156862745,0.299163206561032
"145","Phen_Ec_ane","trial_2","spent","JV10_JV531_sp","T24",1.8e+07,11400000,7.05690485133647,3140700.55879258,6.49702653179384,5.625,0.7501225267834,3.50058823529412,0.54414102888652
"146","Phen_Ec_ane","trial_2","spent","JV10_JV534_sp","T24",9200000,13480000,7.1296898921993,5687741.20367655,6.75493982745937,2.42105263157895,0.384004230728745,3.49201268584209,0.543075812748655
"147","Phen_Ec_ane","trial_2","spent","JV10_JV537_sp","T24",62000,12892400,7.11033377148332,8383954.7804124,6.923448927241,0.0206666666666667,-1.68472956522141,3.11059797979798,0.49284388560649
"148","Phen_Ec_ane","trial_2","spent","JV10_JV540_sp","T24",5.2e+08,112360000,8.05061173052954,101973063.109823,8.00848546501924,173.333333333333,2.23888208891514,37.5722545428428,1.57486725591349
"149","Phen_Ec_ane","trial_3","control","JV10_LB","T0",2800000,3400000,6.53147891704226,525357.021462548,5.72045454103261,NA,NA,NA,NA
"150","Phen_Ec_ane","trial_3","spent","JV10_ss","T0",2e+06,2920000,6.46538285144842,241660.919471891,5.3832064235562,NA,NA,NA,NA
"151","Phen_Ec_ane","trial_3","spent","JV10_JV531_sp","T0",3e+06,3240000,6.51054501020661,74833.1477354788,4.8740940135031,NA,NA,NA,NA
"152","Phen_Ec_ane","trial_3","spent","JV10_JV534_sp","T0",2200000,3880000,6.58883172559421,574804.314527996,5.75952001932417,NA,NA,NA,NA
"153","Phen_Ec_ane","trial_3","spent","JV10_JV537_sp","T0",4200000,3640000,6.56110138364906,292574.776766556,5.46623688233858,NA,NA,NA,NA
"154","Phen_Ec_ane","trial_3","spent","JV10_JV540_sp","T0",2600000,3080000,6.48855071650044,185472.369909914,5.26827922128576,NA,NA,NA,NA
"155","Phen_Ec_ane","trial_3","control","JV10_LB","T24",4e+08,4.64e+08,8.66651798055488,62417946.137309,7.79530947410329,142.857142857143,2.15490195998574,150.654217242453,2.17798129332428
"156","Phen_Ec_ane","trial_3","spent","JV10_ss","T24",4800000,5640000,6.75127910398334,1178812.96226331,6.07144490271952,2.4,0.380211241711606,1.99142156862745,0.299163206561032
"157","Phen_Ec_ane","trial_3","spent","JV10_JV531_sp","T24",7200000,11400000,7.05690485133647,3140700.55879258,6.49702653179384,2.4,0.380211241711606,3.50058823529412,0.54414102888652
"158","Phen_Ec_ane","trial_3","spent","JV10_JV534_sp","T24",5e+06,13480000,7.1296898921993,5687741.20367655,6.75493982745937,2.27272727272727,0.356547323513813,3.49201268584209,0.543075812748655
"159","Phen_Ec_ane","trial_3","spent","JV10_JV537_sp","T24",8400000,12892400,7.11033377148332,8383954.7804124,6.923448927241,2,0.301029995663981,3.11059797979798,0.49284388560649
"160","Phen_Ec_ane","trial_3","spent","JV10_JV540_sp","T24",8800000,112360000,8.05061173052954,101973063.109823,8.00848546501924,3.38461538461538,0.529509324179351,37.5722545428428,1.57486725591349
"161","Phen_Ec_ane","trial_4","control","JV10_LB","T0",3e+06,3400000,6.53147891704226,525357.021462548,5.72045454103261,NA,NA,NA,NA
"162","Phen_Ec_ane","trial_4","spent","JV10_ss","T0",3400000,2920000,6.46538285144842,241660.919471891,5.3832064235562,NA,NA,NA,NA
"163","Phen_Ec_ane","trial_4","spent","JV10_JV531_sp","T0",3400000,3240000,6.51054501020661,74833.1477354788,4.8740940135031,NA,NA,NA,NA
"164","Phen_Ec_ane","trial_4","spent","JV10_JV534_sp","T0",4e+06,3880000,6.58883172559421,574804.314527996,5.75952001932417,NA,NA,NA,NA
"165","Phen_Ec_ane","trial_4","spent","JV10_JV537_sp","T0",3600000,3640000,6.56110138364906,292574.776766556,5.46623688233858,NA,NA,NA,NA
"166","Phen_Ec_ane","trial_4","spent","JV10_JV540_sp","T0",3400000,3080000,6.48855071650044,185472.369909914,5.26827922128576,NA,NA,NA,NA
"167","Phen_Ec_ane","trial_4","control","JV10_LB","T24",3.6e+08,4.64e+08,8.66651798055488,62417946.137309,7.79530947410329,120,2.07918124604762,150.654217242453,2.17798129332428
"168","Phen_Ec_ane","trial_4","spent","JV10_ss","T24",4600000,5640000,6.75127910398334,1178812.96226331,6.07144490271952,1.35294117647059,0.131278914639319,1.99142156862745,0.299163206561032
"169","Phen_Ec_ane","trial_4","spent","JV10_JV531_sp","T24",2e+07,11400000,7.05690485133647,3140700.55879258,6.49702653179384,5.88235294117647,0.769551078621726,3.50058823529412,0.54414102888652
"170","Phen_Ec_ane","trial_4","spent","JV10_JV534_sp","T24",3.6e+07,13480000,7.1296898921993,5687741.20367655,6.75493982745937,9,0.954242509439325,3.49201268584209,0.543075812748655
"171","Phen_Ec_ane","trial_4","spent","JV10_JV537_sp","T24",4600000,12892400,7.11033377148332,8383954.7804124,6.923448927241,1.27777777777778,0.106455330914287,3.11059797979798,0.49284388560649
"172","Phen_Ec_ane","trial_4","spent","JV10_JV540_sp","T24",4400000,112360000,8.05061173052954,101973063.109823,8.00848546501924,1.29411764705882,0.111973759443932,37.5722545428428,1.57486725591349
"173","Phen_Ec_ane","trial_5","control","JV10_LB","T0",2400000,3400000,6.53147891704226,525357.021462548,5.72045454103261,NA,NA,NA,NA
"174","Phen_Ec_ane","trial_5","spent","JV10_ss","T0",3e+06,2920000,6.46538285144842,241660.919471891,5.3832064235562,NA,NA,NA,NA
"175","Phen_Ec_ane","trial_5","spent","JV10_JV531_sp","T0",3200000,3240000,6.51054501020661,74833.1477354788,4.8740940135031,NA,NA,NA,NA
"176","Phen_Ec_ane","trial_5","spent","JV10_JV534_sp","T0",3600000,3880000,6.58883172559421,574804.314527996,5.75952001932417,NA,NA,NA,NA
"177","Phen_Ec_ane","trial_5","spent","JV10_JV537_sp","T0",3e+06,3640000,6.56110138364906,292574.776766556,5.46623688233858,NA,NA,NA,NA
"178","Phen_Ec_ane","trial_5","spent","JV10_JV540_sp","T0",3600000,3080000,6.48855071650044,185472.369909914,5.26827922128576,NA,NA,NA,NA
"179","Phen_Ec_ane","trial_5","control","JV10_LB","T24",5.6e+08,4.64e+08,8.66651798055488,62417946.137309,7.79530947410329,233.333333333333,2.36797678529459,150.654217242453,2.17798129332428
"180","Phen_Ec_ane","trial_5","spent","JV10_ss","T24",5800000,5640000,6.75127910398334,1178812.96226331,6.07144490271952,1.93333333333333,0.286306738843275,1.99142156862745,0.299163206561032
"181","Phen_Ec_ane","trial_5","spent","JV10_JV531_sp","T24",6800000,11400000,7.05690485133647,3140700.55879258,6.49702653179384,2.125,0.32735893438633,3.50058823529412,0.54414102888652
"182","Phen_Ec_ane","trial_5","spent","JV10_JV534_sp","T24",7600000,13480000,7.1296898921993,5687741.20367655,6.75493982745937,2.11111111111111,0.324511091513504,3.49201268584209,0.543075812748655
"183","Phen_Ec_ane","trial_5","spent","JV10_JV537_sp","T24",5400000,12892400,7.11033377148332,8383954.7804124,6.923448927241,1.8,0.255272505103306,3.11059797979798,0.49284388560649
"184","Phen_Ec_ane","trial_5","spent","JV10_JV540_sp","T24",4600000,112360000,8.05061173052954,101973063.109823,8.00848546501924,1.27777777777778,0.106455330914287,37.5722545428428,1.57486725591349
"185","Phen_Ec_div","trial_1","control","fresh_LB_JV282","T0",5e+05,2366666.66666667,6.37413709399941,1068228.0239308,6.02866396707898,NA,NA,NA,NA
"186","Phen_Ec_div","trial_1","spent","JV534_sp_JV282","T0",580000,2193333.33333333,6.34110463889429,877901.53839204,5.94344581006227,NA,NA,NA,NA
"187","Phen_Ec_div","trial_1","spent","JV537_sp_JV282","T0",6e+05,2e+06,6.30102999566398,945163.125250522,5.97550676965456,NA,NA,NA,NA
"188","Phen_Ec_div","trial_1","spent","JV540_sp_JV282","T0",580000,2193333.33333333,6.34110463889429,929539.910086944,5.96826804107772,NA,NA,NA,NA
"189","Phen_Ec_div","trial_1","control","fresh_LB_JV543","T0",2e+05,686666.666666667,5.83674596564949,364478.318208977,5.56167169846396,NA,NA,NA,NA
"190","Phen_Ec_div","trial_1","spent","JV534_sp_JV543","T0",3e+05,1780000,6.25042000230889,1410579.07730596,6.14939743779729,NA,NA,NA,NA
"191","Phen_Ec_div","trial_1","spent","JV537_sp_JV543","T0",220000,1446666.66666667,6.16036847479285,1177020.7210486,6.07078410851706,NA,NA,NA,NA
"192","Phen_Ec_div","trial_1","spent","JV540_sp_JV543","T0",220000,1560000,6.19312459835446,1221965.62963121,6.08705899062713,NA,NA,NA,NA
"193","Phen_Ec_div","trial_1","control","fresh_LB_CFT073","T0",4e+05,2420000,6.38381536598043,1990075.37545692,6.29886952591979,NA,NA,NA,NA
"194","Phen_Ec_div","trial_1","spent","JV534_sp_CFT073","T0",380000,1026666.66666667,6.01142946178078,687054.906426295,5.83699144536395,NA,NA,NA,NA
"195","Phen_Ec_div","trial_1","spent","JV537_sp_CFT073","T0",420000,1146666.66666667,6.05943718785187,726666.666666667,5.86133523888494,NA,NA,NA,NA
"196","Phen_Ec_div","trial_1","spent","JV540_sp_CFT073","T0",260000,2233333.33333333,6.34895354798116,1884050.01113146,6.27509242673189,NA,NA,NA,NA
"197","Phen_Ec_div","trial_1","control","fresh_LB_JV25","T0",30000,79000,4.89762709129044,28942.4716751467,4.46153561693646,NA,NA,NA,NA
"198","Phen_Ec_div","trial_1","spent","JV534_sp_JV25","T0",48000,65333.3333333333,4.81513481663681,17333.3333333333,4.23888208891514,NA,NA,NA,NA
"199","Phen_Ec_div","trial_1","spent","JV537_sp_JV25","T0",34000,68000,4.83250891270624,26407.0697604511,4.42172021273779,NA,NA,NA,NA
"200","Phen_Ec_div","trial_1","spent","JV540_sp_JV25","T0",32000,96000,4.98227123303957,52459.508194416,4.71982421478174,NA,NA,NA,NA
"201","Phen_Ec_div","trial_1","control","fresh_LB_JV282","T24",1.28e+09,20788571428.5714,10.3178246460412,15592097422.7593,10.1929045396828,2560,3.40823996531185,6967.26919339164,3.84306259063304
"202","Phen_Ec_div","trial_1","spent","JV534_sp_JV282","T24",260000,8332000,6.92074926127571,5577618.12963204,6.74644877707404,0.448275862068966,-0.348454645592119,2.07997263273125,0.318057620764688
"203","Phen_Ec_div","trial_1","spent","JV537_sp_JV282","T24",1800,1760679.6,6.24568033233754,1759830.12660201,6.24547074813236,0.003,-2.52287874528034,0.463917726284461,-0.333559032783146
"204","Phen_Ec_div","trial_1","spent","JV540_sp_JV282","T24",36000,1750800,6.24323653794108,868479.038319291,5.93875934074268,0.0620689655172414,-1.20712549279565,0.422563105779077,-0.374108424122388
"205","Phen_Ec_div","trial_1","control","fresh_LB_JV543","T24",4.2e+08,1088285714.28571,9.03674292831067,436632225.883835,8.64011578590138,2100,3.32221929473392,1208.99025514096,3.08242280031853
"206","Phen_Ec_div","trial_1","spent","JV534_sp_JV543","T24",3800000,122760000,8.08905687975978,104524722.434456,8.01921902295439,12.6666666666667,1.10266234189715,346.049143610013,2.53913777880173
"207","Phen_Ec_div","trial_1","spent","JV537_sp_JV543","T24",66.6666666666667,172.533333333333,2.23687301294098,26.4666666666667,1.42269924770743,0.000303030303030303,-3.51851393987789,0.000297587019948862,-3.52638601562455
"208","Phen_Ec_div","trial_1","spent","JV540_sp_JV543","T24",26000,8734000,6.94121318758532,6875568.4564987,6.83730861047534,0.118181818181818,-0.927449332851388,18.2856239412761,1.26210978390459
"209","Phen_Ec_div","trial_1","control","fresh_LB_CFT073","T24",2.4e+09,4185714285.71429,9.62176958033985,825898809.50236,8.91692684009661,6000,3.77815125038364,4422.77062999113,3.64569441693863
"210","Phen_Ec_div","trial_1","spent","JV534_sp_CFT073","T24",24000,9048800,6.95659098937836,7281885.29434514,6.86224383356177,0.0631578947368421,-1.1995723549052,13.3926315789474,1.12686592189052
"211","Phen_Ec_div","trial_1","spent","JV537_sp_CFT073","T24",199,172.533333333333,2.23687301294098,26.4666666666667,1.42269924770743,0.000473809523809524,-3.32439621398819,0.000224133496133496,-3.64949323450077
"212","Phen_Ec_div","trial_1","spent","JV540_sp_CFT073","T24",800,16040,4.20520436394814,11134.8821278,4.04668562401784,0.00307692307692308,-2.51188336097887,0.00682083916083916,-2.16616219125225
"213","Phen_Ec_div","trial_1","control","fresh_LB_JV25","T24",3.2e+07,338285714.285714,8.52928365803663,187342532.516767,8.27263638677385,1066.66666666667,3.02802872360024,2816.25258799172,3.44967160382643
"214","Phen_Ec_div","trial_1","spent","JV534_sp_JV25","T24",5400,1094680,6.03928718351869,674216.866000844,5.82879961249744,0.1125,-0.948847477552619,9.84692424242424,0.993300596676083
"215","Phen_Ec_div","trial_1","spent","JV537_sp_JV25","T24",320000,1060000,6.02530586526477,743182.34639959,5.87109538484955,9.41176470588235,0.973671061277651,16.0134575355069,1.204485112461
"216","Phen_Ec_div","trial_1","spent","JV540_sp_JV25","T24",2200000,8572000,6.93308216236979,5017527.67805022,6.70048977685286,68.75,1.8372727025023,66.6422077922078,1.82374937639528
"217","Phen_Ec_div","trial_2","control","fresh_LB_KPPR1","T0",5600000,5700000,6.75587485567249,99999.9999999995,5,NA,NA,NA,NA
"218","Phen_Ec_div","trial_2","spent","JV534_sp_KPPR1","T0",4e+06,3700000,6.568201724067,3e+05,5.47712125471966,NA,NA,NA,NA
"219","Phen_Ec_div","trial_2","spent","JV537_sp_KPPR1","T0",4600000,3900000,6.5910646070265,7e+05,5.84509804001426,NA,NA,NA,NA
"220","Phen_Ec_div","trial_2","spent","JV540_sp_KPPR1","T0",4400000,4400000,6.64345267648619,0,-Inf,NA,NA,NA,NA
"221","Phen_Ec_div","trial_2","control","fresh_LB_JV282","T0",2400000,2366666.66666667,6.37413709399941,1068228.0239308,6.02866396707898,NA,NA,NA,NA
"222","Phen_Ec_div","trial_2","spent","JV534_sp_JV282","T0",2400000,2193333.33333333,6.34110463889429,877901.53839204,5.94344581006227,NA,NA,NA,NA
"223","Phen_Ec_div","trial_2","spent","JV537_sp_JV282","T0",1600000,2e+06,6.30102999566398,945163.125250522,5.97550676965456,NA,NA,NA,NA
"224","Phen_Ec_div","trial_2","spent","JV540_sp_JV282","T0",2200000,2193333.33333333,6.34110463889429,929539.910086944,5.96826804107772,NA,NA,NA,NA
"225","Phen_Ec_div","trial_2","control","fresh_LB_JV543","T0",460000,686666.666666667,5.83674596564949,364478.318208977,5.56167169846396,NA,NA,NA,NA
"226","Phen_Ec_div","trial_2","spent","JV534_sp_JV543","T0",440000,1780000,6.25042000230889,1410579.07730596,6.14939743779729,NA,NA,NA,NA
"227","Phen_Ec_div","trial_2","spent","JV537_sp_JV543","T0",320000,1446666.66666667,6.16036847479285,1177020.7210486,6.07078410851706,NA,NA,NA,NA
"228","Phen_Ec_div","trial_2","spent","JV540_sp_JV543","T0",460000,1560000,6.19312459835446,1221965.62963121,6.08705899062713,NA,NA,NA,NA
"229","Phen_Ec_div","trial_2","control","fresh_LB_UTI89","T0",560000,1986666.66666667,6.29812500502057,1213333.33333333,6.08398012892939,NA,NA,NA,NA
"230","Phen_Ec_div","trial_2","spent","JV534_sp_UTI89","T0",560000,1240000,6.09342168516223,582866.479850517,5.76556908013581,NA,NA,NA,NA
"231","Phen_Ec_div","trial_2","spent","JV537_sp_UTI89","T0",4e+05,1846666.66666667,6.26638851000877,1377259.75924821,6.13901585846241,NA,NA,NA,NA
"232","Phen_Ec_div","trial_2","spent","JV540_sp_UTI89","T0",680000,1226666.66666667,6.08872656395386,487897.985694186,5.6883290251143,NA,NA,NA,NA
"233","Phen_Ec_div","trial_2","control","fresh_LB_CFT073","T0",460000,2420000,6.38381536598043,1990075.37545692,6.29886952591979,NA,NA,NA,NA
"234","Phen_Ec_div","trial_2","spent","JV534_sp_CFT073","T0",3e+05,1026666.66666667,6.01142946178078,687054.906426295,5.83699144536395,NA,NA,NA,NA
"235","Phen_Ec_div","trial_2","spent","JV537_sp_CFT073","T0",420000,1146666.66666667,6.05943718785187,726666.666666667,5.86133523888494,NA,NA,NA,NA
"236","Phen_Ec_div","trial_2","spent","JV540_sp_CFT073","T0",440000,2233333.33333333,6.34895354798116,1884050.01113146,6.27509242673189,NA,NA,NA,NA
"237","Phen_Ec_div","trial_2","control","fresh_LB_JV25","T0",46000,79000,4.89762709129044,28942.4716751467,4.46153561693646,NA,NA,NA,NA
"238","Phen_Ec_div","trial_2","spent","JV534_sp_JV25","T0",48000,65333.3333333333,4.81513481663681,17333.3333333333,4.23888208891514,NA,NA,NA,NA
"239","Phen_Ec_div","trial_2","spent","JV537_sp_JV25","T0",50000,68000,4.83250891270624,26407.0697604511,4.42172021273779,NA,NA,NA,NA
"240","Phen_Ec_div","trial_2","spent","JV540_sp_JV25","T0",56000,96000,4.98227123303957,52459.508194416,4.71982421478174,NA,NA,NA,NA
"241","Phen_Ec_div","trial_2","control","fresh_LB_KPPR1","T24",6e+09,18066666666.6667,10.2568780318187,5973645825.15941,9.77623946990208,1071.42857142857,3.02996322337744,2292.29675029595,3.3602708387202
"242","Phen_Ec_div","trial_2","spent","JV534_sp_KPPR1","T24",2e+07,2.22e+08,8.34635297445064,109380071.311003,8.03893820217964,5,0.698970004336019,36.2593448750738,1.55941995310448
"243","Phen_Ec_div","trial_2","spent","JV537_sp_KPPR1","T24",32000,893049.75,5.95087565323194,713119.474311093,5.85316229659419,0.00695652173913044,-2.15760785336167,0.251818911996244,-0.598911656804867
"244","Phen_Ec_div","trial_2","spent","JV540_sp_KPPR1","T24",180000,16695000,7.22258642339039,8397917.89671702,6.92417162438896,0.0409090909090909,-1.38818017138288,2.48371212121212,0.395101256796684
"245","Phen_Ec_div","trial_2","control","fresh_LB_JV282","T24",1.04e+09,20788571428.5714,10.3178246460412,15592097422.7593,10.1929045396828,433.333333333333,2.63682209758717,6967.26919339164,3.84306259063304
"246","Phen_Ec_div","trial_2","spent","JV534_sp_JV282","T24",2e+05,8332000,6.92074926127571,5577618.12963204,6.74644877707404,0.0833333333333333,-1.07918124604762,2.07997263273125,0.318057620764688
"247","Phen_Ec_div","trial_2","spent","JV537_sp_JV282","T24",1200,1760679.6,6.24568033233754,1759830.12660201,6.24547074813236,0.00075,-3.1249387366083,0.463917726284461,-0.333559032783146
"248","Phen_Ec_div","trial_2","spent","JV540_sp_JV282","T24",18000,1750800,6.24323653794108,868479.038319291,5.93875934074268,0.00818181818181818,-2.0871501757189,0.422563105779077,-0.374108424122388
"249","Phen_Ec_div","trial_2","control","fresh_LB_JV543","T24",1.06e+09,1088285714.28571,9.03674292831067,436632225.883835,8.64011578590138,2304.34782608696,3.3625480335832,1208.99025514096,3.08242280031853
"250","Phen_Ec_div","trial_2","spent","JV534_sp_JV543","T24",4e+06,122760000,8.08905687975978,104524722.434456,8.01921902295439,9.09090909090909,0.958607314841775,346.049143610013,2.53913777880173
"251","Phen_Ec_div","trial_2","spent","JV537_sp_JV543","T24",199,172.533333333333,2.23687301294098,26.4666666666667,1.42269924770743,0.000621875,-3.2062969019102,0.000297587019948862,-3.52638601562455
"252","Phen_Ec_div","trial_2","spent","JV540_sp_JV543","T24",44000,8734000,6.94121318758532,6875568.4564987,6.83730861047534,0.0956521739130435,-1.01930515519539,18.2856239412761,1.26210978390459
"253","Phen_Ec_div","trial_2","control","fresh_LB_UTI89","T24",2.8e+09,3362857142.85714,9.52670841849316,526668388.871721,8.72153725237956,5000,3.69897000433602,1942.80053280053,3.28842821390348
"254","Phen_Ec_div","trial_2","spent","JV534_sp_UTI89","T24",24000,2172800,6.33701975260041,811322.278752408,5.90919340178383,0.0428571428571429,-1.36797678529459,2.46376234704408,0.39159881374196
"255","Phen_Ec_div","trial_2","spent","JV537_sp_UTI89","T24",199,639.4,2.80577263193567,392.086801614132,2.59338222336977,0.0004975,-3.30320691491826,0.000998039452495974,-3.00085229071399
"256","Phen_Ec_div","trial_2","spent","JV540_sp_UTI89","T24",1200,22800,4.35793484700045,10263.7225215806,4.01130490243007,0.00176470588235294,-2.75332766665861,0.0257333607568902,-1.58950349156425
"257","Phen_Ec_div","trial_2","control","fresh_LB_CFT073","T24",6.8e+09,4185714285.71429,9.62176958033985,825898809.50236,8.91692684009661,14782.6086956522,4.16975108102466,4422.77062999113,3.64569441693863
"258","Phen_Ec_div","trial_2","spent","JV534_sp_CFT073","T24",20000,9048800,6.95659098937836,7281885.29434514,6.86224383356177,0.0666666666666667,-1.17609125905568,13.3926315789474,1.12686592189052
"259","Phen_Ec_div","trial_2","spent","JV537_sp_CFT073","T24",199,172.533333333333,2.23687301294098,26.4666666666667,1.42269924770743,0.000473809523809524,-3.32439621398819,0.000224133496133496,-3.64949323450077
"260","Phen_Ec_div","trial_2","spent","JV540_sp_CFT073","T24",1200,16040,4.20520436394814,11134.8821278,4.04668562401784,0.00272727272727273,-2.56427143043856,0.00682083916083916,-2.16616219125225
"261","Phen_Ec_div","trial_2","control","fresh_LB_JV25","T24",5.2e+07,338285714.285714,8.52928365803663,187342532.516767,8.27263638677385,1130.4347826087,3.05324551195323,2816.25258799172,3.44967160382643
"262","Phen_Ec_div","trial_2","spent","JV534_sp_JV25","T24",52000,1094680,6.03928718351869,674216.866000844,5.82879961249744,1.08333333333333,0.0347621062592119,9.84692424242424,0.993300596676083
"263","Phen_Ec_div","trial_2","spent","JV537_sp_JV25","T24",60000,1060000,6.02530586526477,743182.34639959,5.87109538484955,1.2,0.0791812460476248,16.0134575355069,1.204485112461
"264","Phen_Ec_div","trial_2","spent","JV540_sp_JV25","T24",260000,8572000,6.93308216236979,5017527.67805022,6.70048977685286,4.64285714285714,0.666785320964618,66.6422077922078,1.82374937639528
"265","Phen_Ec_div","trial_3","control","fresh_LB_JV25","T0",80000,79000,4.89762709129044,28942.4716751467,4.46153561693646,NA,NA,NA,NA
"266","Phen_Ec_div","trial_3","spent","JV534_sp_JV25","T0",1e+05,65333.3333333333,4.81513481663681,17333.3333333333,4.23888208891514,NA,NA,NA,NA
"267","Phen_Ec_div","trial_3","spent","JV537_sp_JV25","T0",120000,68000,4.83250891270624,26407.0697604511,4.42172021273779,NA,NA,NA,NA
"268","Phen_Ec_div","trial_3","spent","JV540_sp_JV25","T0",2e+05,96000,4.98227123303957,52459.508194416,4.71982421478174,NA,NA,NA,NA
"269","Phen_Ec_div","trial_3","control","fresh_LB_JV25","T24",4.2e+08,338285714.285714,8.52928365803663,187342532.516767,8.27263638677385,5250,3.72015930340596,2816.25258799172,3.44967160382643
"270","Phen_Ec_div","trial_3","spent","JV534_sp_JV25","T24",16000,1094680,6.03928718351869,674216.866000844,5.82879961249744,0.16,-0.795880017344075,9.84692424242424,0.993300596676083
"271","Phen_Ec_div","trial_3","spent","JV537_sp_JV25","T24",2e+05,1060000,6.02530586526477,743182.34639959,5.87109538484955,1.66666666666667,0.221848749616356,16.0134575355069,1.204485112461
"272","Phen_Ec_div","trial_3","spent","JV540_sp_JV25","T24",2.8e+07,8572000,6.93308216236979,5017527.67805022,6.70048977685286,140,2.14612803567824,66.6422077922078,1.82374937639528
"273","Phen_Ec_div","trial_4","control","fresh_LB_KPPR1","T0",5800000,5700000,6.75587485567249,99999.9999999995,5,NA,NA,NA,NA
"274","Phen_Ec_div","trial_4","spent","JV534_sp_KPPR1","T0",3400000,3700000,6.568201724067,3e+05,5.47712125471966,NA,NA,NA,NA
"275","Phen_Ec_div","trial_4","spent","JV537_sp_KPPR1","T0",3200000,3900000,6.5910646070265,7e+05,5.84509804001426,NA,NA,NA,NA
"276","Phen_Ec_div","trial_4","spent","JV540_sp_KPPR1","T0",4400000,4400000,6.64345267648619,0,-Inf,NA,NA,NA,NA
"277","Phen_Ec_div","trial_4","control","fresh_LB_JV282","T0",4200000,2366666.66666667,6.37413709399941,1068228.0239308,6.02866396707898,NA,NA,NA,NA
"278","Phen_Ec_div","trial_4","spent","JV534_sp_JV282","T0",3600000,2193333.33333333,6.34110463889429,877901.53839204,5.94344581006227,NA,NA,NA,NA
"279","Phen_Ec_div","trial_4","spent","JV537_sp_JV282","T0",3800000,2e+06,6.30102999566398,945163.125250522,5.97550676965456,NA,NA,NA,NA
"280","Phen_Ec_div","trial_4","spent","JV540_sp_JV282","T0",3800000,2193333.33333333,6.34110463889429,929539.910086944,5.96826804107772,NA,NA,NA,NA
"281","Phen_Ec_div","trial_4","control","fresh_LB_JV543","T0",1400000,686666.666666667,5.83674596564949,364478.318208977,5.56167169846396,NA,NA,NA,NA
"282","Phen_Ec_div","trial_4","spent","JV534_sp_JV543","T0",4600000,1780000,6.25042000230889,1410579.07730596,6.14939743779729,NA,NA,NA,NA
"283","Phen_Ec_div","trial_4","spent","JV537_sp_JV543","T0",3800000,1446666.66666667,6.16036847479285,1177020.7210486,6.07078410851706,NA,NA,NA,NA
"284","Phen_Ec_div","trial_4","spent","JV540_sp_JV543","T0",4e+06,1560000,6.19312459835446,1221965.62963121,6.08705899062713,NA,NA,NA,NA
"285","Phen_Ec_div","trial_4","control","fresh_LB_UTI89","T0",4400000,1986666.66666667,6.29812500502057,1213333.33333333,6.08398012892939,NA,NA,NA,NA
"286","Phen_Ec_div","trial_4","spent","JV534_sp_UTI89","T0",2400000,1240000,6.09342168516223,582866.479850517,5.76556908013581,NA,NA,NA,NA
"287","Phen_Ec_div","trial_4","spent","JV537_sp_UTI89","T0",4600000,1846666.66666667,6.26638851000877,1377259.75924821,6.13901585846241,NA,NA,NA,NA
"288","Phen_Ec_div","trial_4","spent","JV540_sp_UTI89","T0",2200000,1226666.66666667,6.08872656395386,487897.985694186,5.6883290251143,NA,NA,NA,NA
"289","Phen_Ec_div","trial_4","control","fresh_LB_CFT073","T0",6400000,2420000,6.38381536598043,1990075.37545692,6.29886952591979,NA,NA,NA,NA
"290","Phen_Ec_div","trial_4","spent","JV534_sp_CFT073","T0",2400000,1026666.66666667,6.01142946178078,687054.906426295,5.83699144536395,NA,NA,NA,NA
"291","Phen_Ec_div","trial_4","spent","JV537_sp_CFT073","T0",2600000,1146666.66666667,6.05943718785187,726666.666666667,5.86133523888494,NA,NA,NA,NA
"292","Phen_Ec_div","trial_4","spent","JV540_sp_CFT073","T0",6e+06,2233333.33333333,6.34895354798116,1884050.01113146,6.27509242673189,NA,NA,NA,NA
"293","Phen_Ec_div","trial_4","control","fresh_LB_KPPR1","T24",6.4e+09,18066666666.6667,10.2568780318187,5973645825.15941,9.77623946990208,1103.44827586207,3.04275198042095,2292.29675029595,3.3602708387202
"294","Phen_Ec_div","trial_4","spent","JV534_sp_KPPR1","T24",4.8e+07,2.22e+08,8.34635297445064,109380071.311003,8.03893820217964,14.1176470588235,1.14976232033333,36.2593448750738,1.55941995310448
"295","Phen_Ec_div","trial_4","spent","JV537_sp_KPPR1","T24",3e+06,893049.75,5.95087565323194,713119.474311093,5.85316229659419,0.9375,-0.0280287236002435,0.251818911996244,-0.598911656804867
"296","Phen_Ec_div","trial_4","spent","JV540_sp_KPPR1","T24",4600000,16695000,7.22258642339039,8397917.89671702,6.92417162438896,1.04545454545455,0.0193051551953866,2.48371212121212,0.395101256796684
"297","Phen_Ec_div","trial_4","control","fresh_LB_JV282","T24",9.6e+09,20788571428.5714,10.3178246460412,15592097422.7593,10.1929045396828,2285.71428571429,3.35902194264167,6967.26919339164,3.84306259063304
"298","Phen_Ec_div","trial_4","spent","JV534_sp_JV282","T24",3e+07,8332000,6.92074926127571,5577618.12963204,6.74644877707404,8.33333333333333,0.920818753952375,2.07997263273125,0.318057620764688
"299","Phen_Ec_div","trial_4","spent","JV537_sp_JV282","T24",8800000,1760679.6,6.24568033233754,1759830.12660201,6.24547074813236,2.31578947368421,0.364699075533359,0.463917726284461,-0.333559032783146
"300","Phen_Ec_div","trial_4","spent","JV540_sp_JV282","T24",4200000,1750800,6.24323653794108,868479.038319291,5.93875934074268,1.10526315789474,0.0434656937810903,0.422563105779077,-0.374108424122388
"301","Phen_Ec_div","trial_4","control","fresh_LB_JV543","T24",3e+08,1088285714.28571,9.03674292831067,436632225.883835,8.64011578590138,214.285714285714,2.33099321904142,1208.99025514096,3.08242280031853
"302","Phen_Ec_div","trial_4","spent","JV534_sp_JV543","T24",3.8e+07,122760000,8.08905687975978,104524722.434456,8.01921902295439,8.26086956521739,0.917025764935236,346.049143610013,2.53913777880173
"303","Phen_Ec_div","trial_4","spent","JV537_sp_JV543","T24",199,172.533333333333,2.23687301294098,26.4666666666667,1.42269924770743,5.23684210526316e-05,-4.2809305202071,0.000297587019948862,-3.52638601562455
"304","Phen_Ec_div","trial_4","spent","JV540_sp_JV543","T24",2800000,8734000,6.94121318758532,6875568.4564987,6.83730861047534,0.7,-0.154901959985743,18.2856239412761,1.26210978390459
"305","Phen_Ec_div","trial_4","control","fresh_LB_UTI89","T24",4e+09,3362857142.85714,9.52670841849316,526668388.871721,8.72153725237956,909.090909090909,2.95860731484178,1942.80053280053,3.28842821390348
"306","Phen_Ec_div","trial_4","spent","JV534_sp_UTI89","T24",3200000,2172800,6.33701975260041,811322.278752408,5.90919340178383,1.33333333333333,0.1249387366083,2.46376234704408,0.39159881374196
"307","Phen_Ec_div","trial_4","spent","JV537_sp_UTI89","T24",400,639.4,2.80577263193567,392.086801614132,2.59338222336977,8.69565217391304e-05,-4.06069784035361,0.000998039452495974,-3.00085229071399
"308","Phen_Ec_div","trial_4","spent","JV540_sp_UTI89","T24",800,22800,4.35793484700045,10263.7225215806,4.01130490243007,0.000363636363636364,-3.43933269383026,0.0257333607568902,-1.58950349156425
"309","Phen_Ec_div","trial_4","control","fresh_LB_CFT073","T24",3.6e+09,4185714285.71429,9.62176958033985,825898809.50236,8.91692684009661,562.5,2.7501225267834,4422.77062999113,3.64569441693863
"310","Phen_Ec_div","trial_4","spent","JV534_sp_CFT073","T24",3600000,9048800,6.95659098937836,7281885.29434514,6.86224383356177,1.5,0.176091259055681,13.3926315789474,1.12686592189052
"311","Phen_Ec_div","trial_4","spent","JV537_sp_CFT073","T24",66.6666666666667,172.533333333333,2.23687301294098,26.4666666666667,1.42269924770743,2.56410256410256e-05,-4.5910646070265,0.000224133496133496,-3.64949323450077
"312","Phen_Ec_div","trial_4","spent","JV540_sp_CFT073","T24",200,16040,4.20520436394814,11134.8821278,4.04668562401784,3.33333333333333e-05,-4.47712125471966,0.00682083916083916,-2.16616219125225
"313","Phen_Ec_div","trial_5","control","fresh_LB_UTI89","T0",1e+06,1986666.66666667,6.29812500502057,1213333.33333333,6.08398012892939,NA,NA,NA,NA
"314","Phen_Ec_div","trial_5","spent","JV534_sp_UTI89","T0",760000,1240000,6.09342168516223,582866.479850517,5.76556908013581,NA,NA,NA,NA
"315","Phen_Ec_div","trial_5","spent","JV537_sp_UTI89","T0",540000,1846666.66666667,6.26638851000877,1377259.75924821,6.13901585846241,NA,NA,NA,NA
"316","Phen_Ec_div","trial_5","spent","JV540_sp_UTI89","T0",8e+05,1226666.66666667,6.08872656395386,487897.985694186,5.6883290251143,NA,NA,NA,NA
"317","Phen_Ec_div","trial_5","control","fresh_LB_UTI89","T24",4.2e+09,3362857142.85714,9.52670841849316,526668388.871721,8.72153725237956,4200,3.6232492903979,1942.80053280053,3.28842821390348
"318","Phen_Ec_div","trial_5","spent","JV534_sp_UTI89","T24",2600000,2172800,6.33701975260041,811322.278752408,5.90919340178383,3.42105263157895,0.534159755690027,2.46376234704408,0.39159881374196
"319","Phen_Ec_div","trial_5","spent","JV537_sp_UTI89","T24",2200,639.4,2.80577263193567,392.086801614132,2.59338222336977,0.00407407407407407,-2.38997107900076,0.000998039452495974,-3.00085229071399
"320","Phen_Ec_div","trial_5","spent","JV540_sp_UTI89","T24",28000,22800,4.35793484700045,10263.7225215806,4.01130490243007,0.035,-1.45593195564972,0.0257333607568902,-1.58950349156425
"321","Phen_Ec_div","trial_6","control","fresh_LB_KPPR1","T24",3.6e+10,18066666666.6667,10.2568780318187,5973645825.15941,9.77623946990208,4186.04651162791,3.62180404952372,2292.29675029595,3.3602708387202
"322","Phen_Ec_div","trial_6","spent","JV531_sp_KPPR1","T24",6.6e+09,1.696e+10,10.2294258479207,14415748332.9864,10.1588371918821,1064.51612903226,3.02715224604361,2522.71166531129,3.4018676154323
"323","Phen_Ec_div","trial_6","spent","JV450_sp_KPPR1","T24",3e+08,375700000,8.57484119506339,205062161.307248,8.31188553042435,48.3870967741936,1.68472956522141,49.6421098517873,1.69585023127787
"324","Phen_Ec_div","trial_6","control","fresh_LB_JV282","T24",3.2e+09,20788571428.5714,10.3178246460412,15592097422.7593,10.1929045396828,400,2.60205999132796,6967.26919339164,3.84306259063304
"325","Phen_Ec_div","trial_6","spent","JV531_sp_JV282","T24",4.6e+08,3.62e+09,9.55870857053316,2043901497.95271,9.31045996194878,48.936170212766,1.68962997808188,1153.97173194713,3.0621951703364
"326","Phen_Ec_div","trial_6","spent","JV450_sp_JV282","T24",9.6e+08,263517500,8.42080946167785,232862998.648526,8.36710048570342,73.8461538461539,1.86832788073273,33.514176009801,1.52522854615864
"327","Phen_Ec_div","trial_6","control","fresh_LB_JV543","T24",2.4e+09,1088285714.28571,9.03674292831067,436632225.883835,8.64011578590138,400,2.60205999132796,1208.99025514096,3.08242280031853
"328","Phen_Ec_div","trial_6","spent","JV531_sp_JV543","T24",4e+08,271500000,8.43376983392487,72747852.2019722,7.86182017579401,71.4285714285714,1.85387196432176,309.976708074534,2.49132906178673
"329","Phen_Ec_div","trial_6","spent","JV450_sp_JV543","T24",2.6e+07,25505500,7.40663384169244,11582596.0065091,7.06380590869598,5.41666666666667,0.733732110595231,22.7322767145136,1.3566429339667
"330","Phen_Ec_div","trial_6","control","fresh_LB_UTI89","T24",3.8e+09,3362857142.85714,9.52670841849316,526668388.871721,8.72153725237956,487.179487179487,2.68768899392633,1942.80053280053,3.28842821390348
"331","Phen_Ec_div","trial_6","spent","JV531_sp_UTI89","T24",4.7e+09,2.835e+09,9.45255306322893,798263740.877663,8.90214640298472,652.777777777778,2.81476536150445,2428.0841503268,3.38526373404625
"332","Phen_Ec_div","trial_6","spent","JV450_sp_UTI89","T24",4.6e+07,14360500,7.15716956131719,10705551.2196555,7.02960903365676,7.66666666666667,0.88460658129793,3.85670634920635,0.586216572811002
"333","Phen_Ec_div","trial_6","control","fresh_LB_CFT073","T24",4.8e+09,4185714285.71429,9.62176958033985,825898809.50236,8.91692684009661,2400,3.38021124171161,4422.77062999113,3.64569441693863
"334","Phen_Ec_div","trial_6","spent","JV531_sp_CFT073","T24",7.2e+09,3.714e+09,9.56984189940376,1459107946.65782,9.16408742273899,3600,3.55630250076729,2146.91176470588,3.33181419586206
"335","Phen_Ec_div","trial_6","spent","JV450_sp_CFT073","T24",3e+08,82012000,7.91387740302382,72851521.2195325,7.86243862474501,214.285714285714,2.33099321904142,56.1389841269841,1.74926454951615
"336","Phen_Ec_div","trial_7","control","fresh_LB_KPPR1","T24",4e+09,18066666666.6667,10.2568780318187,5973645825.15941,9.77623946990208,571.428571428572,2.75696195131371,2292.29675029595,3.3602708387202
"337","Phen_Ec_div","trial_7","spent","JV531_sp_KPPR1","T24",5.8e+08,1.696e+10,10.2294258479207,14415748332.9864,10.1588371918821,138.095238095238,2.14017870316504,2522.71166531129,3.4018676154323
"338","Phen_Ec_div","trial_7","spent","JV450_sp_KPPR1","T24",2800000,375700000,8.57484119506339,205062161.307248,8.31188553042435,0.451612903225806,-0.345233658156035,49.6421098517873,1.69585023127787
"339","Phen_Ec_div","trial_7","spent","JV534_sp_KPPR1","T24",4.4e+08,2.22e+08,8.34635297445064,109380071.311003,8.03893820217964,84.6153846153846,1.92744933285139,36.2593448750738,1.55941995310448
"340","Phen_Ec_div","trial_7","spent","JV537_sp_KPPR1","T24",199,893049.75,5.95087565323194,713119.474311093,5.85316229659419,2.84285714285714e-05,-4.54624496360455,0.251818911996244,-0.598911656804867
"341","Phen_Ec_div","trial_7","spent","JV540_sp_KPPR1","T24",3.4e+07,16695000,7.22258642339039,8397917.89671702,6.92417162438896,5.66666666666667,0.753327666658611,2.48371212121212,0.395101256796684
"342","Phen_Ec_div","trial_7","control","fresh_LB_JV282","T24",7.8e+09,20788571428.5714,10.3178246460412,15592097422.7593,10.1929045396828,1500,3.17609125905568,6967.26919339164,3.84306259063304
"343","Phen_Ec_div","trial_7","spent","JV531_sp_JV282","T24",4.2e+08,3.62e+09,9.55870857053316,2043901497.95271,9.31045996194878,116.666666666667,2.06694678963061,1153.97173194713,3.0621951703364
"344","Phen_Ec_div","trial_7","spent","JV450_sp_JV282","T24",70000,263517500,8.42080946167785,232862998.648526,8.36710048570342,0.0175,-1.75696195131371,33.514176009801,1.52522854615864
"345","Phen_Ec_div","trial_7","spent","JV534_sp_JV282","T24",7400000,8332000,6.92074926127571,5577618.12963204,6.74644877707404,1.23333333333333,0.0910804693473326,2.07997263273125,0.318057620764688
"346","Phen_Ec_div","trial_7","spent","JV537_sp_JV282","T24",199,1760679.6,6.24568033233754,1759830.12660201,6.24547074813236,2.84285714285714e-05,-4.54624496360455,0.463917726284461,-0.333559032783146
"347","Phen_Ec_div","trial_7","spent","JV540_sp_JV282","T24",3400000,1750800,6.24323653794108,868479.038319291,5.93875934074268,0.85,-0.0705810742857073,0.422563105779077,-0.374108424122388
"348","Phen_Ec_div","trial_7","control","fresh_LB_JV543","T24",5.8e+07,1088285714.28571,9.03674292831067,436632225.883835,8.64011578590138,152.631578947368,2.18364439694613,1208.99025514096,3.08242280031853
"349","Phen_Ec_div","trial_7","spent","JV531_sp_JV543","T24",6.6e+07,271500000,8.43376983392487,72747852.2019722,7.86182017579401,143.478260869565,2.15678610386029,309.976708074534,2.49132906178673
"350","Phen_Ec_div","trial_7","spent","JV450_sp_JV543","T24",22000,25505500,7.40663384169244,11582596.0065091,7.06380590869598,0.0578947368421053,-1.2373609157946,22.7322767145136,1.3566429339667
"351","Phen_Ec_div","trial_7","spent","JV534_sp_JV543","T24",5.4e+08,122760000,8.08905687975978,104524722.434456,8.01921902295439,1687.5,3.22724378150306,346.049143610013,2.53913777880173
"352","Phen_Ec_div","trial_7","spent","JV537_sp_JV543","T24",199,172.533333333333,2.23687301294098,26.4666666666667,1.42269924770743,0.000368518518518519,-3.43354068341326,0.000297587019948862,-3.52638601562455
"353","Phen_Ec_div","trial_7","spent","JV540_sp_JV543","T24",3.6e+07,8734000,6.94121318758532,6875568.4564987,6.83730861047534,85.7142857142857,1.93305321036939,18.2856239412761,1.26210978390459
"354","Phen_Ec_div","trial_7","control","fresh_LB_UTI89","T24",5.4e+08,3362857142.85714,9.52670841849316,526668388.871721,8.72153725237956,270,2.43136376415899,1942.80053280053,3.28842821390348
"355","Phen_Ec_div","trial_7","spent","JV531_sp_UTI89","T24",3.2e+09,2.835e+09,9.45255306322893,798263740.877663,8.90214640298472,8000,3.90308998699194,2428.0841503268,3.38526373404625
"356","Phen_Ec_div","trial_7","spent","JV450_sp_UTI89","T24",42000,14360500,7.15716956131719,10705551.2196555,7.02960903365676,0.03,-1.52287874528034,3.85670634920635,0.586216572811002
"357","Phen_Ec_div","trial_7","spent","JV534_sp_UTI89","T24",4400000,2172800,6.33701975260041,811322.278752408,5.90919340178383,7.33333333333333,0.865301426102544,2.46376234704408,0.39159881374196
"358","Phen_Ec_div","trial_7","spent","JV537_sp_UTI89","T24",199,639.4,2.80577263193567,392.086801614132,2.59338222336977,0.00024875,-3.60423691058224,0.000998039452495974,-3.00085229071399
"359","Phen_Ec_div","trial_7","spent","JV540_sp_UTI89","T24",28000,22800,4.35793484700045,10263.7225215806,4.01130490243007,0.07,-1.15490195998574,0.0257333607568902,-1.58950349156425
"360","Phen_Ec_div","trial_7","control","fresh_LB_CFT073","T24",5e+08,4185714285.71429,9.62176958033985,825898809.50236,8.91692684009661,500,2.69897000433602,4422.77062999113,3.64569441693863
"361","Phen_Ec_div","trial_7","spent","JV531_sp_CFT073","T24",5.6e+07,3.714e+09,9.56984189940376,1459107946.65782,9.16408742273899,70,1.84509804001426,2146.91176470588,3.33181419586206
"362","Phen_Ec_div","trial_7","spent","JV450_sp_CFT073","T24",48000,82012000,7.91387740302382,72851521.2195325,7.86243862474501,0.048,-1.31875876262441,56.1389841269841,1.74926454951615
"363","Phen_Ec_div","trial_7","spent","JV534_sp_CFT073","T24",3.8e+07,9048800,6.95659098937836,7281885.29434514,6.86224383356177,63.3333333333333,1.80163234623317,13.3926315789474,1.12686592189052
"364","Phen_Ec_div","trial_7","spent","JV537_sp_CFT073","T24",199,172.533333333333,2.23687301294098,26.4666666666667,1.42269924770743,0.000110555555555556,-3.9564194286936,0.000224133496133496,-3.64949323450077
"365","Phen_Ec_div","trial_7","spent","JV540_sp_CFT073","T24",20000,16040,4.20520436394814,11134.8821278,4.04668562401784,0.0166666666666667,-1.77815125038364,0.00682083916083916,-2.16616219125225
"366","Phen_Ec_div","trial_7","control","fresh_LB_JV25","T24",5.4e+07,338285714.285714,8.52928365803663,187342532.516767,8.27263638677385,1350,3.13033376849501,2816.25258799172,3.44967160382643
"367","Phen_Ec_div","trial_7","spent","JV531_sp_JV25","T24",4800000,19650000,7.29336255471145,12818833.8003112,7.10784851682653,114.285714285714,2.05799194697769,167.196428571429,2.22322699637879
"368","Phen_Ec_div","trial_7","spent","JV450_sp_JV25","T24",64000,32516000,7.51209711488101,10980448.8068567,7.04062009151278,1.06666666666667,0.0280287236002435,182.591402116402,2.26148032357443
"369","Phen_Ec_div","trial_7","spent","JV534_sp_JV25","T24",2200000,1094680,6.03928718351869,674216.866000844,5.82879961249744,33.3333333333333,1.52287874528034,9.84692424242424,0.993300596676083
"370","Phen_Ec_div","trial_7","spent","JV537_sp_JV25","T24",4e+06,1060000,6.02530586526477,743182.34639959,5.87109538484955,64.5161290322581,1.80966830182971,16.0134575355069,1.204485112461
"371","Phen_Ec_div","trial_7","spent","JV540_sp_JV25","T24",4600000,8572000,6.93308216236979,5017527.67805022,6.70048977685286,41.8181818181818,1.62136514652335,66.6422077922078,1.82374937639528
"372","Phen_Ec_div","trial_8","control","fresh_LB_KPPR1","T24",2.2e+10,18066666666.6667,10.2568780318187,5973645825.15941,9.77623946990208,1964.28571428571,3.29320465815202,2292.29675029595,3.3602708387202
"373","Phen_Ec_div","trial_8","spent","JV531_sp_KPPR1","T24",6.6e+08,1.696e+10,10.2294258479207,14415748332.9864,10.1588371918821,64.7058823529412,1.81094376377995,2522.71166531129,3.4018676154323
"374","Phen_Ec_div","trial_8","spent","JV450_sp_KPPR1","T24",2.4e+08,375700000,8.57484119506339,205062161.307248,8.31188553042435,20,1.30102999566398,49.6421098517873,1.69585023127787
"375","Phen_Ec_div","trial_8","spent","JV534_sp_KPPR1","T24",3.8e+08,2.22e+08,8.34635297445064,109380071.311003,8.03893820217964,41.304347826087,1.61599576927125,36.2593448750738,1.55941995310448
"376","Phen_Ec_div","trial_8","spent","JV537_sp_KPPR1","T24",540000,893049.75,5.95087565323194,713119.474311093,5.85316229659419,0.0627906976744186,-1.2021046914206,0.251818911996244,-0.598911656804867
"377","Phen_Ec_div","trial_8","spent","JV540_sp_KPPR1","T24",2.8e+07,16695000,7.22258642339039,8397917.89671702,6.92417162438896,3.18181818181818,0.50267535919205,2.48371212121212,0.395101256796684
"378","Phen_Ec_div","trial_8","control","fresh_LB_JV282","T24",8.6e+09,20788571428.5714,10.3178246460412,15592097422.7593,10.1929045396828,877.551020408163,2.94327237555107,6967.26919339164,3.84306259063304
"379","Phen_Ec_div","trial_8","spent","JV531_sp_JV282","T24",4.6e+09,3.62e+09,9.55870857053316,2043901497.95271,9.31045996194878,359.375,2.55554786203371,1153.97173194713,3.0621951703364
"380","Phen_Ec_div","trial_8","spent","JV450_sp_JV282","T24",1.2e+07,263517500,8.42080946167785,232862998.648526,8.36710048570342,1.62162162162162,0.209949526316649,33.514176009801,1.52522854615864
"381","Phen_Ec_div","trial_8","spent","JV534_sp_JV282","T24",3800000,8332000,6.92074926127571,5577618.12963204,6.74644877707404,0.301587301587302,-0.520586948500753,2.07997263273125,0.318057620764688
"382","Phen_Ec_div","trial_8","spent","JV537_sp_JV282","T24",199,1760679.6,6.24568033233754,1759830.12660201,6.24547074813236,2.07291666666667e-05,-4.68341815662986,0.463917726284461,-0.333559032783146
"383","Phen_Ec_div","trial_8","spent","JV540_sp_JV282","T24",1100000,1750800,6.24323653794108,868479.038319291,5.93875934074268,0.0873015873015873,-1.05897785995934,0.422563105779077,-0.374108424122388
"384","Phen_Ec_div","trial_8","control","fresh_LB_JV543","T24",3e+09,1088285714.28571,9.03674292831067,436632225.883835,8.64011578590138,2500,3.39794000867204,1208.99025514096,3.08242280031853
"385","Phen_Ec_div","trial_8","spent","JV531_sp_JV543","T24",2.8e+08,271500000,8.43376983392487,72747852.2019722,7.86182017579401,175,2.24303804868629,309.976708074534,2.49132906178673
"386","Phen_Ec_div","trial_8","spent","JV450_sp_JV543","T24",5.6e+07,25505500,7.40663384169244,11582596.0065091,7.06380590869598,40,1.60205999132796,22.7322767145136,1.3566429339667
"387","Phen_Ec_div","trial_8","spent","JV534_sp_JV543","T24",2.8e+07,122760000,8.08905687975978,104524722.434456,8.01921902295439,12.7272727272727,1.10473535052001,346.049143610013,2.53913777880173
"388","Phen_Ec_div","trial_8","spent","JV537_sp_JV543","T24",199,172.533333333333,2.23687301294098,26.4666666666667,1.42269924770743,0.000142142857142857,-3.84727495926853,0.000297587019948862,-3.52638601562455
"389","Phen_Ec_div","trial_8","spent","JV540_sp_JV543","T24",4800000,8734000,6.94121318758532,6875568.4564987,6.83730861047534,4.8,0.681241237375587,18.2856239412761,1.26210978390459
"390","Phen_Ec_div","trial_8","control","fresh_LB_UTI89","T24",3.4e+09,3362857142.85714,9.52670841849316,526668388.871721,8.72153725237956,1133.33333333333,3.05435766232259,1942.80053280053,3.28842821390348
"391","Phen_Ec_div","trial_8","spent","JV531_sp_UTI89","T24",8.4e+08,2.835e+09,9.45255306322893,798263740.877663,8.90214640298472,247.058823529412,2.39280036901963,2428.0841503268,3.38526373404625
"392","Phen_Ec_div","trial_8","spent","JV450_sp_UTI89","T24",8800000,14360500,7.15716956131719,10705551.2196555,7.02960903365676,6.28571428571429,0.798354636471931,3.85670634920635,0.586216572811002
"393","Phen_Ec_div","trial_8","spent","JV534_sp_UTI89","T24",640000,2172800,6.33701975260041,811322.278752408,5.90919340178383,0.188235294117647,-0.725298943058368,2.46376234704408,0.39159881374196
"394","Phen_Ec_div","trial_8","spent","JV537_sp_UTI89","T24",199,639.4,2.80577263193567,392.086801614132,2.59338222336977,8.29166666666667e-05,-4.0813581653019,0.000998039452495974,-3.00085229071399
"395","Phen_Ec_div","trial_8","spent","JV540_sp_UTI89","T24",56000,22800,4.35793484700045,10263.7225215806,4.01130490243007,0.0215384615384615,-1.66678532096462,0.0257333607568902,-1.58950349156425
"396","Phen_Ec_div","trial_8","control","fresh_LB_CFT073","T24",6e+09,4185714285.71429,9.62176958033985,825898809.50236,8.91692684009661,3000,3.47712125471966,4422.77062999113,3.64569441693863
"397","Phen_Ec_div","trial_8","spent","JV531_sp_CFT073","T24",3.8e+09,3.714e+09,9.56984189940376,1459107946.65782,9.16408742273899,1117.64705882353,3.04830467957456,2146.91176470588,3.33181419586206
"398","Phen_Ec_div","trial_8","spent","JV450_sp_CFT073","T24",2.4e+07,82012000,7.91387740302382,72851521.2195325,7.86243862474501,8,0.903089986991944,56.1389841269841,1.74926454951615
"399","Phen_Ec_div","trial_8","spent","JV534_sp_CFT073","T24",3600000,9048800,6.95659098937836,7281885.29434514,6.86224383356177,2,0.301029995663981,13.3926315789474,1.12686592189052
"400","Phen_Ec_div","trial_8","spent","JV537_sp_CFT073","T24",199,172.533333333333,2.23687301294098,26.4666666666667,1.42269924770743,3.68518518518519e-05,-4.43354068341326,0.000224133496133496,-3.64949323450077
"401","Phen_Ec_div","trial_8","spent","JV540_sp_CFT073","T24",58000,16040,4.20520436394814,11134.8821278,4.04668562401784,0.0116,-1.93554201077308,0.00682083916083916,-2.16616219125225
"402","Phen_Ec_div","trial_8","control","fresh_LB_JV25","T24",5e+07,338285714.285714,8.52928365803663,187342532.516767,8.27263638677385,166.666666666667,2.22184874961636,2816.25258799172,3.44967160382643
"403","Phen_Ec_div","trial_8","spent","JV531_sp_JV25","T24",6400000,19650000,7.29336255471145,12818833.8003112,7.10784851682653,32,1.50514997831991,167.196428571429,2.22322699637879
"404","Phen_Ec_div","trial_8","spent","JV450_sp_JV25","T24",4.6e+07,32516000,7.51209711488101,10980448.8068567,7.04062009151278,287.5,2.45863784902565,182.591402116402,2.26148032357443
"405","Phen_Ec_div","trial_8","spent","JV534_sp_JV25","T24",3200000,1094680,6.03928718351869,674216.866000844,5.82879961249744,14.5454545454545,1.1627272974977,9.84692424242424,0.993300596676083
"406","Phen_Ec_div","trial_8","spent","JV537_sp_JV25","T24",720000,1060000,6.02530586526477,743182.34639959,5.87109538484955,3.27272727272727,0.514909815609062,16.0134575355069,1.204485112461
"407","Phen_Ec_div","trial_8","spent","JV540_sp_JV25","T24",7800000,8572000,6.93308216236979,5017527.67805022,6.70048977685286,78,1.89209460269048,66.6422077922078,1.82374937639528
"408","Phen_Ec_div","trial_9","control","fresh_LB_JV25","T0",160000,79000,4.89762709129044,28942.4716751467,4.46153561693646,NA,NA,NA,NA
"409","Phen_Ec_div","trial_9","spent","JV531_sp_JV25","T0",120000,120000,5.07918124604763,NA,NA,NA,NA,NA,NA
"410","Phen_Ec_div","trial_9","spent","JV450_sp_JV25","T0",140000,140000,5.14612803567824,NA,NA,NA,NA,NA,NA
"411","Phen_Ec_div","trial_9","control","fresh_LB_JV25","T24",1.4e+09,338285714.285714,8.52928365803663,187342532.516767,8.27263638677385,8750,3.94200805302231,2816.25258799172,3.44967160382643
"412","Phen_Ec_div","trial_9","spent","JV531_sp_JV25","T24",5.8e+07,19650000,7.29336255471145,12818833.8003112,7.10784851682653,483.333333333333,2.68424674751531,167.196428571429,2.22322699637879
"413","Phen_Ec_div","trial_9","spent","JV450_sp_JV25","T24",3.8e+07,32516000,7.51209711488101,10980448.8068567,7.04062009151278,271.428571428571,2.43365556093857,182.591402116402,2.26148032357443
"414","Phen_Ec_div","trial_10","control","fresh_LB_KPPR1","T24",3.4e+10,18066666666.6667,10.2568780318187,5973645825.15941,9.77623946990208,4857.14285714286,3.686380877028,2292.29675029595,3.3602708387202
"415","Phen_Ec_div","trial_10","spent","JV531_sp_KPPR1","T24",6e+10,1.696e+10,10.2294258479207,14415748332.9864,10.1588371918821,8823.52941176471,3.94564233767741,2522.71166531129,3.4018676154323
"416","Phen_Ec_div","trial_10","spent","JV450_sp_KPPR1","T24",9.6e+08,375700000,8.57484119506339,205062161.307248,8.31188553042435,129.72972972973,2.11303951330859,49.6421098517873,1.69585023127787
"417","Phen_Ec_div","trial_10","control","fresh_LB_JV282","T24",1.14e+11,20788571428.5714,10.3178246460412,15592097422.7593,10.1929045396828,40714.2857142857,4.60974681999425,6967.26919339164,3.84306259063304
"418","Phen_Ec_div","trial_10","spent","JV531_sp_JV282","T24",9e+09,3.62e+09,9.55870857053316,2043901497.95271,9.31045996194878,4090.90909090909,3.61181982861712,1153.97173194713,3.0621951703364
"419","Phen_Ec_div","trial_10","spent","JV450_sp_JV282","T24",8.2e+07,263517500,8.42080946167785,232862998.648526,8.36710048570342,58.5714285714286,1.76768581670548,33.514176009801,1.52522854615864
"420","Phen_Ec_div","trial_10","control","fresh_LB_JV543","T24",3.8e+08,1088285714.28571,9.03674292831067,436632225.883835,8.64011578590138,791.666666666667,2.89854235924122,1208.99025514096,3.08242280031853
"421","Phen_Ec_div","trial_10","spent","JV531_sp_JV543","T24",3.4e+08,271500000,8.43376983392487,72747852.2019722,7.86182017579401,850,2.92941892571429,309.976708074534,2.49132906178673
"422","Phen_Ec_div","trial_10","spent","JV450_sp_JV543","T24",2e+07,25505500,7.40663384169244,11582596.0065091,7.06380590869598,45.4545454545454,1.65757731917779,22.7322767145136,1.3566429339667
"423","Phen_Ec_div","trial_10","control","fresh_LB_UTI89","T24",4.8e+09,3362857142.85714,9.52670841849316,526668388.871721,8.72153725237956,1600,3.20411998265593,1942.80053280053,3.28842821390348
"424","Phen_Ec_div","trial_10","spent","JV531_sp_UTI89","T24",2.6e+09,2.835e+09,9.45255306322893,798263740.877663,8.90214640298472,812.5,2.90982336965091,2428.0841503268,3.38526373404625
"425","Phen_Ec_div","trial_10","spent","JV450_sp_UTI89","T24",2600000,14360500,7.15716956131719,10705551.2196555,7.02960903365676,1.44444444444444,0.159700842867512,3.85670634920635,0.586216572811002
"426","Phen_Ec_div","trial_10","control","fresh_LB_CFT073","T24",5.2e+09,4185714285.71429,9.62176958033985,825898809.50236,8.91692684009661,3714.28571428571,3.56987530795656,4422.77062999113,3.64569441693863
"427","Phen_Ec_div","trial_10","spent","JV531_sp_CFT073","T24",3.8e+09,3.714e+09,9.56984189940376,1459107946.65782,9.16408742273899,3800,3.57978359661681,2146.91176470588,3.33181419586206
"428","Phen_Ec_div","trial_10","spent","JV450_sp_CFT073","T24",4e+06,82012000,7.91387740302382,72851521.2195325,7.86243862474501,2.22222222222222,0.346787486224656,56.1389841269841,1.74926454951615
"429","Phen_Ec_div","trial_10","control","fresh_LB_JV25","T24",3.6e+08,338285714.285714,8.52928365803663,187342532.516767,8.27263638677385,2000,3.30102999566398,2816.25258799172,3.44967160382643
"430","Phen_Ec_div","trial_10","spent","JV531_sp_JV25","T24",9400000,19650000,7.29336255471145,12818833.8003112,7.10784851682653,39.1666666666667,1.59291661188809,167.196428571429,2.22322699637879
"431","Phen_Ec_div","trial_10","spent","JV450_sp_JV25","T24",4.6e+07,32516000,7.51209711488101,10980448.8068567,7.04062009151278,170.37037037037,2.23139406752259,182.591402116402,2.26148032357443
