"","Strain","Sample","Day","Sex","CFU_per_g_total","LOD","Tissue","Group","Strain_ref","Day_cont","log_CFU_per_g","trial","mean_log_CFU_per_g","sem_log_CFU_per_g"
"1","JV4","feces_M61","D1","M",41407867.494824,"No","feces","exp","JV4","1",7.61708286491247,"trial_1",7.18154161492146,0.223670224676102
"2","JV4","feces_M62","D1","M",239162.92974589,"No","feces","exp","JV4","1",5.3786938648881,"trial_1",7.18154161492146,0.223670224676102
"3","JV4","feces_M63","D1","M",28639618.1384248,"No","feces","exp","JV4","1",7.45696722308133,"trial_1",7.18154161492146,0.223670224676102
"4","JV4","feces_M64","D1","M",11244979.9196787,"No","feces","exp","JV4","1",7.05095868424648,"trial_1",7.18154161492146,0.223670224676102
"5","JV4","feces_M65","D1","M",30534351.1450382,"No","feces","exp","JV4","1",7.4847886956722,"trial_1",7.18154161492146,0.223670224676102
"6","JV4","feces_M61","D2","M",72013093.2896889,"No","feces","exp","JV4","2",7.85741146624363,"trial_1",7.18035484257324,0.325252516910215
"7","JV4","feces_M62","D2","M",323232.323232323,"No","feces","exp","JV4","2",5.50951478372236,"trial_1",7.18035484257324,0.325252516910215
"8","JV4","feces_M63","D2","M",18225419.6642686,"No","feces","exp","JV4","2",7.26067753730703,"trial_1",7.18035484257324,0.325252516910215
"9","JV4","feces_M64","D2","M",325925925.925926,"No","feces","exp","JV4","2",8.51311890799118,"trial_1",7.18035484257324,0.325252516910215
"10","JV4","feces_M65","D2","M",135052179.251074,"No","feces","exp","JV4","2",8.1305015965137,"trial_1",7.18035484257324,0.325252516910215
"11","JV4","feces_M61","D6","M",29629629.6296296,"No","feces","exp","JV4","6",7.47172622283296,"trial_1",6.59232250919483,0.249555940760114
"12","JV4","feces_M62","D6","M",346820.809248554,"No","feces","exp","JV4","6",5.54010514725485,"trial_1",6.59232250919483,0.249555940760114
"13","JV4","feces_M63","D6","M",19662058.3717358,"No","feces","exp","JV4","6",7.29362898107968,"trial_1",6.59232250919483,0.249555940760114
"14","JV4","feces_M64","D6","M",29535864.9789028,"No","feces","exp","JV4","6",7.47034969400415,"trial_1",6.59232250919483,0.249555940760114
"15","JV4","feces_M65","D6","M",17429193.8997821,"No","feces","exp","JV4","6",7.24127730145468,"trial_1",6.59232250919483,0.249555940760114
"16","JV4","feces_M61","D7","M",14742014.7420148,"No","feces","exp","JV4","7",7.16855684115842,"trial_1",6.16533852411958,0.340636577982722
"17","JV4","feces_M62","D7","M",54644.8087431695,"No","feces","exp","JV4","7",4.73754891026957,"trial_1",6.16533852411958,0.340636577982722
"18","JV4","feces_M63","D7","M",1920768.30732293,"No","feces","exp","JV4","7",6.28347498124914,"trial_1",6.16533852411958,0.340636577982722
"19","JV4","feces_M64","D7","M",44817927.1708683,"No","feces","exp","JV4","7",7.65145176654373,"trial_1",6.16533852411958,0.340636577982722
"20","JV4","feces_M65","D7","M",74853801.1695907,"No","feces","exp","JV4","7",7.87421385925571,"trial_1",6.16533852411958,0.340636577982722
"21","JV1","feces_M61","D8","M",1291711517.76103,"No","feces","exp","JV1","8",9.11116553205398,"trial_1",7.78663485690898,0.420587615240352
"22","JV1","feces_M62","D8","M",2954755.30932595,"No","feces","exp","JV1","8",6.47052152169459,"trial_1",7.78663485690898,0.420587615240352
"23","JV1","feces_M63","D8","M",26382546930.4921,"No","feces","exp","JV1","8",10.4213167193554,"trial_1",7.78663485690898,0.420587615240352
"24","JV1","feces_M64","D8","M",574162.679425835,"No","feces","exp","JV1","8",5.75903495993657,"trial_1",7.78663485690898,0.420587615240352
"25","JV1","feces_M65","D8","M",377104377.104377,"No","feces","exp","JV1","8",8.57646157335297,"trial_1",7.78663485690898,0.420587615240352
"26","JV1","feces_M61","D9","M",402212166.91805,"No","feces","exp","JV1","9",8.60445520386751,"trial_1",7.85048573504853,0.26580127088292
"27","JV1","feces_M62","D9","M",3058103.97553517,"No","feces","exp","JV1","9",6.48545224733971,"trial_1",7.85048573504853,0.26580127088292
"28","JV1","feces_M63","D9","M",4102564.1025641,"No","feces","exp","JV1","9",6.61305537562943,"trial_1",7.85048573504853,0.26580127088292
"29","JV1","feces_M64","D9","M",793650793.650794,"No","feces","exp","JV1","9",8.89962945488244,"trial_1",7.85048573504853,0.26580127088292
"30","JV1","feces_M65","D9","M",499519692.603266,"No","feces","exp","JV1","9",8.69855261412426,"trial_1",7.85048573504853,0.26580127088292
"31","JV1","feces_M61","D10","M",466019417.475728,"No","feces","exp","JV1","10",8.66840401267041,"trial_1",7.76401227844358,0.496829870736537
"32","JV1","feces_M62","D10","M",28592927.0127915,"No","feces","exp","JV1","10",7.45625861567408,"trial_1",7.76401227844358,0.496829870736537
"33","JV1","feces_M63","D10","M",6181015452.53864,"No","feces","exp","JV1","10",9.79105982932939,"trial_1",7.76401227844358,0.496829870736537
"34","JV1","feces_M64","D10","M",4745762711.86441,"No","feces","exp","JV1","10",9.67630601970007,"trial_1",7.76401227844358,0.496829870736537
"35","JV1","feces_M65","D10","M",4960317460.31746,"No","feces","exp","JV1","10",9.69550947222651,"trial_1",7.76401227844358,0.496829870736537
"36","JV1","feces_M61","D13","M",18881626724.764,"No","feces","exp","JV1","13",10.2760394077139,"trial_1",8.57550456784669,0.481087748883566
"37","JV1","feces_M62","D13","M",6535947.71241834,"No","feces","exp","JV1","13",6.8153085691824,"trial_1",8.57550456784669,0.481087748883566
"38","JV1","feces_M63","D13","M",23842274186.1531,"No","feces","exp","JV1","13",10.3773476780561,"trial_1",8.57550456784669,0.481087748883566
"39","JV1","feces_M64","D13","M",58139534883.7208,"No","feces","exp","JV1","13",10.7644715530925,"trial_1",8.57550456784669,0.481087748883566
"40","JV1","feces_M65","D13","M",5988023952.09579,"No","feces","exp","JV1","13",9.77728352885241,"trial_1",8.57550456784669,0.481087748883566
"41","JV1","cecum_M61","D14","M",26823134953.8977,"No","cecum","exp","JV1","14",10.4285095346496,"trial_1",7.96545294927918,0.594807835526305
"42","JV1","cecum_M62","D14","M",4972270.032511,"No","cecum","exp","JV1","14",6.69655470614116,"trial_1",7.96545294927918,0.594807835526305
"43","JV1","cecum_M63","D14","M",17187667848.3188,"No","cecum","exp","JV1","14",10.2352169523521,"trial_1",7.96545294927918,0.594807835526305
"44","JV1","cecum_M64","D14","M",1756311745.3348,"No","cecum","exp","JV1","14",9.24460160568293,"trial_1",7.96545294927918,0.594807835526305
"45","JV1","cecum_M65","D14","M",34332084893.8826,"No","cecum","exp","JV1","14",10.535700177746,"trial_1",7.96545294927918,0.594807835526305
"46","JV1","feces_M66","D8","F",53066.6666666667,"Yes","feces","ctrl","JV1","8",4.72482180868199,"trial_1",7.33915391401167,0.732278283595144
"47","JV1","feces_M67","D8","F",79734219.2691032,"No","feces","ctrl","JV1","8",7.90164474611776,"trial_1",7.33915391401167,0.732278283595144
"48","JV1","feces_M68","D8","F",66333.3333333333,"Yes","feces","ctrl","JV1","8",4.82173182169004,"trial_1",7.33915391401167,0.732278283595144
"49","JV1","feces_M69","D8","F",78895.4635108488,"No","feces","ctrl","JV1","8",4.89705203199463,"trial_1",7.33915391401167,0.732278283595144
"50","JV1","feces_M70","D8","F",26115.4855643046,"Yes","feces","ctrl","JV1","8",4.41689810507011,"trial_1",7.33915391401167,0.732278283595144
"51","JV1","feces_M66","D9","F",4967320.26143778,"No","feces","ctrl","JV1","9",6.69612216146318,"trial_1",7.95390604978675,0.761210074567706
"52","JV1","feces_M68","D9","F",31289.3081761006,"Yes","feces","ctrl","JV1","9",4.49539596076129,"trial_1",7.95390604978675,0.761210074567706
"53","JV1","feces_M69","D9","F",269360269.360269,"No","feces","ctrl","JV1","9",8.43033353767473,"trial_1",7.95390604978675,0.761210074567706
"54","JV1","feces_M70","D9","F",13373.6559139785,"Yes","feces","ctrl","JV1","9",4.12625014519985,"trial_1",7.95390604978675,0.761210074567706
"55","JV1","feces_M66","D10","F",1066666666.66667,"No","feces","ctrl","JV1","10",9.02802872360024,"trial_1",9.15982183837129,0.105217884141268
"56","JV1","feces_M69","D10","F",808080808.080805,"No","feces","ctrl","JV1","10",8.90745479239439,"trial_1",9.15982183837129,0.105217884141268
"57","JV1","feces_M70","D10","F",3625377643.50454,"No","feces","ctrl","JV1","10",9.55935325227191,"trial_1",9.15982183837129,0.105217884141268
"58","JV1","feces_M66","D13","F",6529209621.9931,"No","feces","ctrl","JV1","13",9.81486061196692,"trial_1",8.57906760069295,0.890116586588122
"59","JV1","feces_M69","D13","F",4780876494.02392,"No","feces","ctrl","JV1","13",9.67950752456659,"trial_1",8.57906760069295,0.890116586588122
"60","JV1","feces_M70","D13","F",9913258983.891,"No","feces","ctrl","JV1","13",9.99621645226988,"trial_1",8.57906760069295,0.890116586588122
"61","JV1","cecum_M66","D14","F",34134390398.3263,"No","cecum","ctrl","JV1","14",10.5331921512478,"trial_1",8.03132699011265,0.991263851079868
"62","JV1","cecum_M68","D14","F",25207591933.5706,"No","cecum","ctrl","JV1","14",10.4015313597616,"trial_1",8.03132699011265,0.991263851079868
"63","JV1","cecum_M69","D14","F",12574053923.3466,"No","cecum","ctrl","JV1","14",10.0994753184733,"trial_1",8.03132699011265,0.991263851079868
"64","JV1","cecum_M70","D14","F",23022787327.0021,"No","cecum","ctrl","JV1","14",10.3621579017202,"trial_1",8.03132699011265,0.991263851079868
"65","JV4","feces_M81","D1","F",6552901.0238908,"No","feces","exp","JV4","1",6.81643360834944,"trial_2",7.18154161492146,0.223670224676102
"66","JV4","feces_M82","D1","F",32280701.754386,"No","feces","exp","JV4","1",7.50894296733705,"trial_2",7.18154161492146,0.223670224676102
"67","JV4","feces_M83","D1","F",10875000,"No","feces","exp","JV4","1",7.03642926562668,"trial_2",7.18154161492146,0.223670224676102
"68","JV4","feces_M84","D1","F",63007159.9045345,"No","feces","exp","JV4","1",7.79938990390353,"trial_2",7.18154161492146,0.223670224676102
"69","JV4","feces_M85","D1","F",46315789.4736842,"No","feces","exp","JV4","1",7.66572907119734,"trial_2",7.18154161492146,0.223670224676102
"70","JV4","feces_M81","D2","F",22268041.2371134,"No","feces","exp","JV4","2",7.34768201688469,"trial_2",7.18035484257324,0.325252516910215
"71","JV4","feces_M82","D2","F",34069400.630915,"No","feces","exp","JV4","2",7.5323644932692,"trial_2",7.18035484257324,0.325252516910215
"72","JV4","feces_M83","D2","F",54822335.0253806,"No","feces","exp","JV4","2",7.73895752932536,"trial_2",7.18035484257324,0.325252516910215
"73","JV4","feces_M84","D2","F",507042.253521125,"No","feces","exp","JV4","2",5.70504415204821,"trial_2",7.18035484257324,0.325252516910215
"74","JV4","feces_M85","D2","F",1615384.61538462,"No","feces","exp","JV4","2",6.20827594242708,"trial_2",7.18035484257324,0.325252516910215
"75","JV4","feces_M81","D6","F",471910.112359552,"No","feces","exp","JV4","6",5.67385928375299,"trial_2",6.59232250919483,0.249555940760114
"76","JV4","feces_M82","D6","F",9385474.8603352,"No","feces","exp","JV4","6",6.97245625074597,"trial_2",6.59232250919483,0.249555940760114
"77","JV4","feces_M83","D6","F",645476.772616135,"No","feces","exp","JV4","6",5.80988061886249,"trial_2",6.59232250919483,0.249555940760114
"78","JV4","feces_M84","D6","F",3287671.23287672,"No","feces","exp","JV4","6",6.51688838159115,"trial_2",6.59232250919483,0.249555940760114
"79","JV4","feces_M85","D6","F",857142.857142856,"No","feces","exp","JV4","6",5.93305321036939,"trial_2",6.59232250919483,0.249555940760114
"80","JV4","feces_M81","D7","F",91071.4285714291,"No","feces","exp","JV4","7",4.95938214909174,"trial_2",6.16533852411958,0.340636577982722
"81","JV4","feces_M82","D7","F",958083.832335331,"No","feces","exp","JV4","7",5.98140351150834,"trial_2",6.16533852411958,0.340636577982722
"82","JV4","feces_M83","D7","F",593639.575971732,"No","feces","exp","JV4","7",5.77352284620157,"trial_2",6.16533852411958,0.340636577982722
"83","JV4","feces_M84","D7","F",388807.06921944,"No","feces","exp","JV4","7",5.58973415258933,"trial_2",6.16533852411958,0.340636577982722
"84","JV4","feces_M85","D7","F",430622.009569378,"No","feces","exp","JV4","7",5.63409622332827,"trial_2",6.16533852411958,0.340636577982722
"85","JV1","feces_M81","D8","F",11583011.5830116,"No","feces","exp","JV1","8",7.06382149063841,"trial_2",7.78663485690898,0.420587615240352
"86","JV1","feces_M82","D8","F",55813953.4883721,"No","feces","exp","JV1","8",7.74674278613202,"trial_2",7.78663485690898,0.420587615240352
"87","JV1","feces_M83","D8","F",4e+07,"No","feces","exp","JV1","8",7.60205999132796,"trial_2",7.78663485690898,0.420587615240352
"88","JV1","feces_M84","D8","F",59541984.7328244,"No","feces","exp","JV1","8",7.77482330703472,"trial_2",7.78663485690898,0.420587615240352
"89","JV1","feces_M85","D8","F",21897810.2189781,"No","feces","exp","JV1","8",7.34040068756326,"trial_2",7.78663485690898,0.420587615240352
"90","JV1","feces_M81","D9","F",69818181.8181818,"No","feces","exp","JV1","9",7.84396853487329,"trial_2",7.85048573504853,0.26580127088292
"91","JV1","feces_M82","D9","F",306818181.818182,"No","feces","exp","JV1","9",8.48688109200882,"trial_2",7.85048573504853,0.26580127088292
"92","JV1","feces_M83","D9","F",33027522.9357798,"No","feces","exp","JV1","9",7.51887600282666,"trial_2",7.85048573504853,0.26580127088292
"93","JV1","feces_M84","D9","F",49070631.9702602,"No","feces","exp","JV1","9",7.69082165120344,"trial_2",7.85048573504853,0.26580127088292
"94","JV1","feces_M85","D9","F",46043165.4676259,"No","feces","exp","JV1","9",7.66316517372979,"trial_2",7.85048573504853,0.26580127088292
"95","JV1","feces_M81","D10","F",21315789.4736842,"No","feces","exp","JV1","10",7.32870142226184,"trial_2",7.76401227844358,0.496829870736537
"96","JV1","feces_M82","D10","F",3956043.95604396,"No","feces","exp","JV1","10",6.59726110844619,"trial_2",7.76401227844358,0.496829870736537
"97","JV1","feces_M83","D10","F",931764.705882353,"No","feces","exp","JV1","10",5.9693062558752,"trial_2",7.76401227844358,0.496829870736537
"98","JV1","feces_M84","D10","F",4253164.55696203,"No","feces","exp","JV1","10",6.6287121860994,"trial_2",7.76401227844358,0.496829870736537
"99","JV1","feces_M85","D10","F",673913.043478261,"No","feces","exp","JV1","10",5.8286038621527,"trial_2",7.76401227844358,0.496829870736537
"100","JV1","feces_M81","D13","F",48322147.6510068,"No","feces","exp","JV1","13",7.684146228019,"trial_2",8.57550456784669,0.481087748883566
"101","JV1","feces_M82","D13","F",50602409.6385545,"No","feces","exp","JV1","13",7.70417119802183,"trial_2",8.57550456784669,0.481087748883566
"102","JV1","feces_M83","D13","F",23529411.7647059,"No","feces","exp","JV1","13",7.37161106994969,"trial_2",8.57550456784669,0.481087748883566
"103","JV1","feces_M84","D13","F",35897435.8974361,"No","feces","exp","JV1","13",7.55506342865174,"trial_2",8.57550456784669,0.481087748883566
"104","JV1","feces_M85","D13","F",26890756.302521,"No","feces","exp","JV1","13",7.42960301692737,"trial_2",8.57550456784669,0.481087748883566
"105","JV1","feces_M81","D14","F",2637808.58978695,"No","cecum","exp","JV1","14",6.42124327816436,"trial_2",7.96545294927918,0.594807835526305
"106","JV1","feces_M82","D14","F",3494788.47332925,"No","cecum","exp","JV1","14",6.54342089463222,"trial_2",7.96545294927918,0.594807835526305
"107","JV1","feces_M83","D14","F",5156639.86692542,"No","cecum","exp","JV1","14",6.71236680189955,"trial_2",7.96545294927918,0.594807835526305
"108","JV1","feces_M84","D14","F",3012972.5205747,"No","cecum","exp","JV1","14",6.4789951707649,"trial_2",7.96545294927918,0.594807835526305
"109","JV1","feces_M85","D14","F",2279924.00253325,"No","cecum","exp","JV1","14",6.35792037075899,"trial_2",7.96545294927918,0.594807835526305
"110","JV1","feces_M86","D8","M",3711340206.18557,"No","feces","ctrl","JV1","8",9.56953076650104,"trial_2",7.33915391401167,0.732278283595144
"111","JV1","feces_M87","D8","M",633165829.145729,"No","feces","ctrl","JV1","8",8.80151746870786,"trial_2",7.33915391401167,0.732278283595144
"112","JV1","feces_M88","D8","M",1239669421.4876,"No","feces","ctrl","JV1","8",9.09330588873923,"trial_2",7.33915391401167,0.732278283595144
"113","JV1","feces_M89","D8","M",4615384615.38461,"No","feces","ctrl","JV1","8",9.66420789807681,"trial_2",7.33915391401167,0.732278283595144
"114","JV1","feces_M90","D8","M",3168316831.68317,"No","feces","ctrl","JV1","8",9.50082860453726,"trial_2",7.33915391401167,0.732278283595144
"115","JV1","feces_M86","D9","M",6386554621.84874,"No","feces","ctrl","JV1","9",9.80526663088826,"trial_2",7.95390604978675,0.761210074567706
"116","JV1","feces_M87","D9","M",5581395348.83721,"No","feces","ctrl","JV1","9",9.74674278613202,"trial_2",7.95390604978675,0.761210074567706
"117","JV1","feces_M88","D9","M",2322580645.16129,"No","feces","ctrl","JV1","9",9.365970802597,"trial_2",7.95390604978675,0.761210074567706
"118","JV1","feces_M89","D9","M",5169230769.23077,"No","feces","ctrl","JV1","9",9.71342592074699,"trial_2",7.95390604978675,0.761210074567706
"119","JV1","feces_M90","D9","M",1605633802.8169,"No","feces","ctrl","JV1","9",9.2056465026174,"trial_2",7.95390604978675,0.761210074567706
"120","JV1","feces_M86","D10","M",2068965517.24138,"No","feces","ctrl","JV1","10",9.31575325248469,"trial_2",9.15982183837129,0.105217884141268
"121","JV1","feces_M87","D10","M",1074074074.07407,"No","feces","ctrl","JV1","10",9.03103423373997,"trial_2",9.15982183837129,0.105217884141268
"122","JV1","feces_M88","D10","M",2138613861.38614,"No","feces","ctrl","JV1","10",9.33013237736829,"trial_2",9.15982183837129,0.105217884141268
"123","JV1","feces_M89","D10","M",472906403.940887,"No","feces","ctrl","JV1","10",8.67477519512635,"trial_2",9.15982183837129,0.105217884141268
"124","JV1","feces_M90","D10","M",2704225352.11268,"No","feces","ctrl","JV1","10",9.43204287998447,"trial_2",9.15982183837129,0.105217884141268
"125","JV1","feces_M86","D13","M",3981042.65402845,"No","feces","ctrl","JV1","13",6.59999683076419,"trial_2",8.57906760069295,0.890116586588122
"126","JV1","feces_M88","D13","M",19636363636.3636,"No","feces","ctrl","JV1","13",10.2930610659927,"trial_2",8.57906760069295,0.890116586588122
"127","JV1","feces_M89","D13","M",123243.243243243,"No","feces","ctrl","JV1","13",5.09076311859744,"trial_2",8.57906760069295,0.890116586588122
"128","JV1","feces_M86","D14","M",307167.235494881,"No","cecum","ctrl","JV1","14",5.48737488908522,"trial_2",8.03132699011265,0.991263851079868
"129","JV1","feces_M87","D14","M",47132757.2663001,"No","cecum","ctrl","JV1","14",7.67332284672999,"trial_2",8.03132699011265,0.991263851079868
"130","JV1","feces_M88","D14","M",4542737.5971309,"No","cecum","ctrl","JV1","14",6.6573176513184,"trial_2",8.03132699011265,0.991263851079868
"131","JV1","feces_M89","D14","M",1087.03568827385,"Yes","cecum","ctrl","JV1","14",3.03624380256465,"trial_2",8.03132699011265,0.991263851079868
